month,field,papers_listed,papers_examined,papers_disclosing,papers_denying,is_partial
2018-01,all,2459,2422,0,0,False
2018-01,math.AC,39,39,0,0,False
2018-01,math.AG,141,140,0,0,False
2018-01,math.AP,285,282,0,0,False
2018-01,math.AT,54,53,0,0,False
2018-01,math.CA,99,96,0,0,False
2018-01,math.CO,212,209,0,0,False
2018-01,math.CT,17,17,0,0,False
2018-01,math.CV,41,41,0,0,False
2018-01,math.DG,128,127,0,0,False
2018-01,math.DS,103,103,0,0,False
2018-01,math.FA,115,113,0,0,False
2018-01,math.GM,11,10,0,0,False
2018-01,math.GN,17,16,0,0,False
2018-01,math.GR,72,71,0,0,False
2018-01,math.GT,64,62,0,0,False
2018-01,math.HO,12,12,0,0,False
2018-01,math.KT,9,9,0,0,False
2018-01,math.LO,46,46,0,0,False
2018-01,math.MG,25,25,0,0,False
2018-01,math.NA,172,163,0,0,False
2018-01,math.NT,150,149,0,0,False
2018-01,math.OA,27,27,0,0,False
2018-01,math.OC,163,157,0,0,False
2018-01,math.PR,197,197,0,0,False
2018-01,math.QA,23,23,0,0,False
2018-01,math.RA,45,44,0,0,False
2018-01,math.RT,77,77,0,0,False
2018-01,math.SG,15,14,0,0,False
2018-01,math.SP,29,29,0,0,False
2018-01,math.ST,71,71,0,0,False
2018-02,all,2493,2449,0,0,False
2018-02,math.AC,49,48,0,0,False
2018-02,math.AG,155,154,0,0,False
2018-02,math.AP,252,250,0,0,False
2018-02,math.AT,42,42,0,0,False
2018-02,math.CA,75,73,0,0,False
2018-02,math.CO,214,212,0,0,False
2018-02,math.CT,22,22,0,0,False
2018-02,math.CV,54,54,0,0,False
2018-02,math.DG,138,136,0,0,False
2018-02,math.DS,109,107,0,0,False
2018-02,math.FA,98,97,0,0,False
2018-02,math.GM,18,11,0,0,False
2018-02,math.GN,13,13,0,0,False
2018-02,math.GR,69,69,0,0,False
2018-02,math.GT,50,49,0,0,False
2018-02,math.HO,24,21,0,0,False
2018-02,math.KT,6,6,0,0,False
2018-02,math.LO,46,45,0,0,False
2018-02,math.MG,35,35,0,0,False
2018-02,math.NA,168,163,0,0,False
2018-02,math.NT,144,143,0,0,False
2018-02,math.OA,24,24,0,0,False
2018-02,math.OC,222,212,0,0,False
2018-02,math.PR,202,200,0,0,False
2018-02,math.QA,28,27,0,0,False
2018-02,math.RA,39,39,0,0,False
2018-02,math.RT,88,88,0,0,False
2018-02,math.SG,20,20,0,0,False
2018-02,math.SP,20,20,0,0,False
2018-02,math.ST,69,69,0,0,False
2018-03,all,2802,2758,0,0,False
2018-03,math.AC,49,49,0,0,False
2018-03,math.AG,169,167,0,0,False
2018-03,math.AP,298,293,0,0,False
2018-03,math.AT,29,29,0,0,False
2018-03,math.CA,87,84,0,0,False
2018-03,math.CO,246,243,0,0,False
2018-03,math.CT,24,24,0,0,False
2018-03,math.CV,38,38,0,0,False
2018-03,math.DG,134,133,0,0,False
2018-03,math.DS,139,138,0,0,False
2018-03,math.FA,124,122,0,0,False
2018-03,math.GM,14,12,0,0,False
2018-03,math.GN,23,23,0,0,False
2018-03,math.GR,80,80,0,0,False
2018-03,math.GT,72,71,0,0,False
2018-03,math.HO,15,15,0,0,False
2018-03,math.KT,18,17,0,0,False
2018-03,math.LO,59,59,0,0,False
2018-03,math.MG,36,34,0,0,False
2018-03,math.NA,203,201,0,0,False
2018-03,math.NT,173,172,0,0,False
2018-03,math.OA,41,41,0,0,False
2018-03,math.OC,270,257,0,0,False
2018-03,math.PR,202,200,0,0,False
2018-03,math.QA,29,29,0,0,False
2018-03,math.RA,54,52,0,0,False
2018-03,math.RT,68,68,0,0,False
2018-03,math.SG,19,19,0,0,False
2018-03,math.SP,26,26,0,0,False
2018-03,math.ST,63,62,0,0,False
2018-04,all,2604,2563,0,0,False
2018-04,math.AC,36,36,0,0,False
2018-04,math.AG,162,161,0,0,False
2018-04,math.AP,273,268,0,0,False
2018-04,math.AT,31,30,0,0,False
2018-04,math.CA,91,90,0,0,False
2018-04,math.CO,253,252,0,0,False
2018-04,math.CT,12,12,0,0,False
2018-04,math.CV,52,51,0,0,False
2018-04,math.DG,123,122,0,0,False
2018-04,math.DS,92,91,0,0,False
2018-04,math.FA,120,119,0,0,False
2018-04,math.GM,13,9,0,0,False
2018-04,math.GN,20,20,0,0,False
2018-04,math.GR,70,69,0,0,False
2018-04,math.GT,74,74,0,0,False
2018-04,math.HO,18,15,0,0,False
2018-04,math.KT,12,12,0,0,False
2018-04,math.LO,68,68,0,0,False
2018-04,math.MG,40,39,0,0,False
2018-04,math.NA,206,202,0,0,False
2018-04,math.NT,143,141,0,0,False
2018-04,math.OA,38,37,0,0,False
2018-04,math.OC,195,186,0,0,False
2018-04,math.PR,199,198,0,0,False
2018-04,math.QA,36,36,0,0,False
2018-04,math.RA,42,42,0,0,False
2018-04,math.RT,74,74,0,0,False
2018-04,math.SG,17,16,0,0,False
2018-04,math.SP,24,24,0,0,False
2018-04,math.ST,70,69,0,0,False
2018-05,all,2763,2712,0,0,False
2018-05,math.AC,42,42,0,0,False
2018-05,math.AG,166,164,0,0,False
2018-05,math.AP,301,298,0,0,False
2018-05,math.AT,46,45,0,0,False
2018-05,math.CA,80,77,0,0,False
2018-05,math.CO,266,266,0,0,False
2018-05,math.CT,30,30,0,0,False
2018-05,math.CV,50,50,0,0,False
2018-05,math.DG,144,141,0,0,False
2018-05,math.DS,120,118,0,0,False
2018-05,math.FA,112,111,0,0,False
2018-05,math.GM,13,9,0,0,False
2018-05,math.GN,25,25,0,0,False
2018-05,math.GR,72,71,0,0,False
2018-05,math.GT,73,72,0,0,False
2018-05,math.HO,22,16,0,0,False
2018-05,math.KT,9,9,0,0,False
2018-05,math.LO,54,51,0,0,False
2018-05,math.MG,23,23,0,0,False
2018-05,math.NA,228,225,0,0,False
2018-05,math.NT,178,175,0,0,False
2018-05,math.OA,34,34,0,0,False
2018-05,math.OC,209,202,0,0,False
2018-05,math.PR,200,198,0,0,False
2018-05,math.QA,27,27,0,0,False
2018-05,math.RA,62,61,0,0,False
2018-05,math.RT,68,66,0,0,False
2018-05,math.SG,22,22,0,0,False
2018-05,math.SP,21,20,0,0,False
2018-05,math.ST,66,64,0,0,False
2018-06,all,2609,2568,0,0,False
2018-06,math.AC,47,47,0,0,False
2018-06,math.AG,144,142,0,0,False
2018-06,math.AP,290,288,0,0,False
2018-06,math.AT,26,24,0,0,False
2018-06,math.CA,69,66,0,0,False
2018-06,math.CO,249,246,0,0,False
2018-06,math.CT,20,20,0,0,False
2018-06,math.CV,46,45,0,0,False
2018-06,math.DG,116,114,0,0,False
2018-06,math.DS,104,102,0,0,False
2018-06,math.FA,113,113,0,0,False
2018-06,math.GM,14,10,0,0,False
2018-06,math.GN,25,25,0,0,False
2018-06,math.GR,65,64,0,0,False
2018-06,math.GT,54,54,0,0,False
2018-06,math.HO,10,7,0,0,False
2018-06,math.KT,8,8,0,0,False
2018-06,math.LO,48,48,0,0,False
2018-06,math.MG,31,31,0,0,False
2018-06,math.NA,211,208,0,0,False
2018-06,math.NT,191,190,0,0,False
2018-06,math.OA,36,36,0,0,False
2018-06,math.OC,181,172,0,0,False
2018-06,math.PR,219,218,0,0,False
2018-06,math.QA,27,27,0,0,False
2018-06,math.RA,56,54,0,0,False
2018-06,math.RT,78,78,0,0,False
2018-06,math.SG,19,19,0,0,False
2018-06,math.SP,25,25,0,0,False
2018-06,math.ST,87,87,0,0,False
2018-07,all,2589,2557,0,0,False
2018-07,math.AC,40,39,0,0,False
2018-07,math.AG,170,168,0,0,False
2018-07,math.AP,279,278,0,0,False
2018-07,math.AT,50,50,0,0,False
2018-07,math.CA,72,70,0,0,False
2018-07,math.CO,295,295,0,0,False
2018-07,math.CT,15,15,0,0,False
2018-07,math.CV,56,56,0,0,False
2018-07,math.DG,126,125,0,0,False
2018-07,math.DS,109,107,0,0,False
2018-07,math.FA,99,98,0,0,False
2018-07,math.GM,9,7,0,0,False
2018-07,math.GN,14,14,0,0,False
2018-07,math.GR,69,68,0,0,False
2018-07,math.GT,58,57,0,0,False
2018-07,math.HO,12,8,0,0,False
2018-07,math.KT,9,9,0,0,False
2018-07,math.LO,47,47,0,0,False
2018-07,math.MG,32,32,0,0,False
2018-07,math.NA,190,186,0,0,False
2018-07,math.NT,149,146,0,0,False
2018-07,math.OA,36,36,0,0,False
2018-07,math.OC,184,181,0,0,False
2018-07,math.PR,222,220,0,0,False
2018-07,math.QA,32,32,0,0,False
2018-07,math.RA,55,55,0,0,False
2018-07,math.RT,64,64,0,0,False
2018-07,math.SG,18,18,0,0,False
2018-07,math.SP,17,17,0,0,False
2018-07,math.ST,61,59,0,0,False
2018-08,all,2501,2456,0,0,False
2018-08,math.AC,34,33,0,0,False
2018-08,math.AG,150,150,0,0,False
2018-08,math.AP,245,245,0,0,False
2018-08,math.AT,44,44,0,0,False
2018-08,math.CA,80,80,0,0,False
2018-08,math.CO,262,260,0,0,False
2018-08,math.CT,21,19,0,0,False
2018-08,math.CV,47,47,0,0,False
2018-08,math.DG,133,130,0,0,False
2018-08,math.DS,121,119,0,0,False
2018-08,math.FA,105,105,0,0,False
2018-08,math.GM,16,13,0,0,False
2018-08,math.GN,13,13,0,0,False
2018-08,math.GR,58,58,0,0,False
2018-08,math.GT,63,60,0,0,False
2018-08,math.HO,23,17,0,0,False
2018-08,math.KT,4,4,0,0,False
2018-08,math.LO,55,53,0,0,False
2018-08,math.MG,16,16,0,0,False
2018-08,math.NA,177,175,0,0,False
2018-08,math.NT,137,136,0,0,False
2018-08,math.OA,29,29,0,0,False
2018-08,math.OC,167,159,0,0,False
2018-08,math.PR,205,203,0,0,False
2018-08,math.QA,25,24,0,0,False
2018-08,math.RA,70,68,0,0,False
2018-08,math.RT,75,73,0,0,False
2018-08,math.SG,20,20,0,0,False
2018-08,math.SP,24,24,0,0,False
2018-08,math.ST,82,79,0,0,False
2018-09,all,2728,2688,0,0,False
2018-09,math.AC,42,42,0,0,False
2018-09,math.AG,180,180,0,0,False
2018-09,math.AP,278,276,0,0,False
2018-09,math.AT,52,52,0,0,False
2018-09,math.CA,71,71,0,0,False
2018-09,math.CO,252,249,0,0,False
2018-09,math.CT,23,23,0,0,False
2018-09,math.CV,51,50,0,0,False
2018-09,math.DG,126,126,0,0,False
2018-09,math.DS,118,117,0,0,False
2018-09,math.FA,103,103,0,0,False
2018-09,math.GM,13,11,0,0,False
2018-09,math.GN,26,26,0,0,False
2018-09,math.GR,58,57,0,0,False
2018-09,math.GT,66,64,0,0,False
2018-09,math.HO,13,10,0,0,False
2018-09,math.KT,12,12,0,0,False
2018-09,math.LO,59,58,0,0,False
2018-09,math.MG,42,42,0,0,False
2018-09,math.NA,186,185,0,0,False
2018-09,math.NT,210,207,0,0,False
2018-09,math.OA,28,28,0,0,False
2018-09,math.OC,253,239,0,0,False
2018-09,math.PR,207,204,0,0,False
2018-09,math.QA,31,30,0,0,False
2018-09,math.RA,50,50,0,0,False
2018-09,math.RT,68,67,0,0,False
2018-09,math.SG,24,23,0,0,False
2018-09,math.SP,20,20,0,0,False
2018-09,math.ST,66,66,0,0,False
2018-10,all,3043,2995,0,0,False
2018-10,math.AC,42,41,0,0,False
2018-10,math.AG,191,191,0,0,False
2018-10,math.AP,350,347,0,0,False
2018-10,math.AT,61,61,0,0,False
2018-10,math.CA,85,85,0,0,False
2018-10,math.CO,256,252,0,0,False
2018-10,math.CT,19,19,0,0,False
2018-10,math.CV,66,65,0,0,False
2018-10,math.DG,139,139,0,0,False
2018-10,math.DS,121,121,0,0,False
2018-10,math.FA,110,110,0,0,False
2018-10,math.GM,6,5,0,0,False
2018-10,math.GN,15,15,0,0,False
2018-10,math.GR,83,83,0,0,False
2018-10,math.GT,84,83,0,0,False
2018-10,math.HO,16,14,0,0,False
2018-10,math.KT,17,16,0,0,False
2018-10,math.LO,87,86,0,0,False
2018-10,math.MG,35,33,0,0,False
2018-10,math.NA,206,200,0,0,False
2018-10,math.NT,214,212,0,0,False
2018-10,math.OA,33,33,0,0,False
2018-10,math.OC,246,229,0,0,False
2018-10,math.PR,220,219,0,0,False
2018-10,math.QA,37,37,0,0,False
2018-10,math.RA,64,62,0,0,False
2018-10,math.RT,91,91,0,0,False
2018-10,math.SG,33,33,0,0,False
2018-10,math.SP,19,19,0,0,False
2018-10,math.ST,97,94,0,0,False
2018-11,all,2777,2742,0,0,False
2018-11,math.AC,33,33,0,0,False
2018-11,math.AG,147,146,0,0,False
2018-11,math.AP,325,322,0,0,False
2018-11,math.AT,49,48,0,0,False
2018-11,math.CA,84,84,0,0,False
2018-11,math.CO,250,248,0,0,False
2018-11,math.CT,20,20,0,0,False
2018-11,math.CV,59,58,0,0,False
2018-11,math.DG,133,133,0,0,False
2018-11,math.DS,109,106,0,0,False
2018-11,math.FA,122,121,0,0,False
2018-11,math.GM,17,16,0,0,False
2018-11,math.GN,20,20,0,0,False
2018-11,math.GR,84,83,0,0,False
2018-11,math.GT,67,67,0,0,False
2018-11,math.HO,14,13,0,0,False
2018-11,math.KT,18,18,0,0,False
2018-11,math.LO,60,59,0,0,False
2018-11,math.MG,27,26,0,0,False
2018-11,math.NA,231,229,0,0,False
2018-11,math.NT,166,163,0,0,False
2018-11,math.OA,47,47,0,0,False
2018-11,math.OC,204,196,0,0,False
2018-11,math.PR,196,193,0,0,False
2018-11,math.QA,35,35,0,0,False
2018-11,math.RA,48,47,0,0,False
2018-11,math.RT,74,74,0,0,False
2018-11,math.SG,35,35,0,0,False
2018-11,math.SP,18,18,0,0,False
2018-11,math.ST,85,84,0,0,False
2018-12,all,2753,2715,0,0,False
2018-12,math.AC,37,37,0,0,False
2018-12,math.AG,178,178,0,0,False
2018-12,math.AP,300,294,0,0,False
2018-12,math.AT,32,32,0,0,False
2018-12,math.CA,97,96,0,0,False
2018-12,math.CO,263,259,0,0,False
2018-12,math.CT,22,22,0,0,False
2018-12,math.CV,49,49,0,0,False
2018-12,math.DG,117,117,0,0,False
2018-12,math.DS,118,118,0,0,False
2018-12,math.FA,129,125,0,0,False
2018-12,math.GM,12,10,0,0,False
2018-12,math.GN,17,17,0,0,False
2018-12,math.GR,65,65,0,0,False
2018-12,math.GT,62,61,0,0,False
2018-12,math.HO,18,16,0,0,False
2018-12,math.KT,11,11,0,0,False
2018-12,math.LO,48,47,0,0,False
2018-12,math.MG,36,36,0,0,False
2018-12,math.NA,214,208,0,0,False
2018-12,math.NT,178,177,0,0,False
2018-12,math.OA,31,31,0,0,False
2018-12,math.OC,197,191,0,0,False
2018-12,math.PR,231,231,0,0,False
2018-12,math.QA,30,28,0,0,False
2018-12,math.RA,62,62,0,0,False
2018-12,math.RT,79,78,0,0,False
2018-12,math.SG,17,17,0,0,False
2018-12,math.SP,18,18,0,0,False
2018-12,math.ST,85,84,0,0,False
2019-01,all,2690,2649,0,0,False
2019-01,math.AC,42,42,0,0,False
2019-01,math.AG,156,152,0,0,False
2019-01,math.AP,309,308,0,0,False
2019-01,math.AT,39,39,0,0,False
2019-01,math.CA,104,102,0,0,False
2019-01,math.CO,226,221,0,0,False
2019-01,math.CT,15,15,0,0,False
2019-01,math.CV,57,57,0,0,False
2019-01,math.DG,149,147,0,0,False
2019-01,math.DS,151,150,0,0,False
2019-01,math.FA,113,113,0,0,False
2019-01,math.GM,30,26,0,0,False
2019-01,math.GN,17,17,0,0,False
2019-01,math.GR,86,86,0,0,False
2019-01,math.GT,66,66,0,0,False
2019-01,math.HO,12,8,0,0,False
2019-01,math.KT,17,17,0,0,False
2019-01,math.LO,59,59,0,0,False
2019-01,math.MG,26,26,0,0,False
2019-01,math.NA,196,195,0,0,False
2019-01,math.NT,155,151,0,0,False
2019-01,math.OA,35,34,0,0,False
2019-01,math.OC,190,183,0,0,False
2019-01,math.PR,184,184,0,0,False
2019-01,math.QA,24,24,0,0,False
2019-01,math.RA,52,52,0,0,False
2019-01,math.RT,64,64,0,0,False
2019-01,math.SG,14,14,0,0,False
2019-01,math.SP,24,23,0,0,False
2019-01,math.ST,78,74,0,0,False
2019-02,all,2642,2602,0,0,False
2019-02,math.AC,26,26,0,0,False
2019-02,math.AG,161,159,0,0,False
2019-02,math.AP,294,290,0,0,False
2019-02,math.AT,45,45,0,0,False
2019-02,math.CA,64,63,0,0,False
2019-02,math.CO,221,220,0,0,False
2019-02,math.CT,20,20,0,0,False
2019-02,math.CV,52,52,0,0,False
2019-02,math.DG,121,117,0,0,False
2019-02,math.DS,137,136,0,0,False
2019-02,math.FA,127,127,0,0,False
2019-02,math.GM,30,28,0,0,False
2019-02,math.GN,25,24,0,0,False
2019-02,math.GR,61,60,0,0,False
2019-02,math.GT,75,73,0,0,False
2019-02,math.HO,13,10,0,0,False
2019-02,math.KT,9,9,0,0,False
2019-02,math.LO,57,57,0,0,False
2019-02,math.MG,37,36,0,0,False
2019-02,math.NA,207,204,0,0,False
2019-02,math.NT,146,143,0,0,False
2019-02,math.OA,24,24,0,0,False
2019-02,math.OC,227,218,0,0,False
2019-02,math.PR,171,171,0,0,False
2019-02,math.QA,23,23,0,0,False
2019-02,math.RA,54,53,0,0,False
2019-02,math.RT,63,63,0,0,False
2019-02,math.SG,25,25,0,0,False
2019-02,math.SP,22,22,0,0,False
2019-02,math.ST,105,104,0,0,False
2019-03,all,3005,2954,0,0,False
2019-03,math.AC,44,44,0,0,False
2019-03,math.AG,176,175,0,0,False
2019-03,math.AP,351,349,0,0,False
2019-03,math.AT,47,47,0,0,False
2019-03,math.CA,81,80,0,0,False
2019-03,math.CO,266,262,0,0,False
2019-03,math.CT,25,23,0,0,False
2019-03,math.CV,54,54,0,0,False
2019-03,math.DG,142,140,0,0,False
2019-03,math.DS,127,125,0,0,False
2019-03,math.FA,124,122,0,0,False
2019-03,math.GM,22,16,0,0,False
2019-03,math.GN,25,25,0,0,False
2019-03,math.GR,66,65,0,0,False
2019-03,math.GT,70,70,0,0,False
2019-03,math.HO,11,7,0,0,False
2019-03,math.KT,5,5,0,0,False
2019-03,math.LO,60,60,0,0,False
2019-03,math.MG,33,32,0,0,False
2019-03,math.NA,210,205,0,0,False
2019-03,math.NT,167,164,0,0,False
2019-03,math.OA,35,32,0,0,False
2019-03,math.OC,299,294,0,0,False
2019-03,math.PR,233,231,0,0,False
2019-03,math.QA,25,25,0,0,False
2019-03,math.RA,72,70,0,0,False
2019-03,math.RT,82,82,0,0,False
2019-03,math.SG,26,24,0,0,False
2019-03,math.SP,29,28,0,0,False
2019-03,math.ST,98,98,0,0,False
2019-04,all,2697,2658,0,0,False
2019-04,math.AC,42,42,0,0,False
2019-04,math.AG,161,161,0,0,False
2019-04,math.AP,302,299,0,0,False
2019-04,math.AT,48,48,0,0,False
2019-04,math.CA,80,79,0,0,False
2019-04,math.CO,249,246,0,0,False
2019-04,math.CT,21,21,0,0,False
2019-04,math.CV,56,56,0,0,False
2019-04,math.DG,136,136,0,0,False
2019-04,math.DS,137,132,0,0,False
2019-04,math.FA,101,99,0,0,False
2019-04,math.GM,17,16,0,0,False
2019-04,math.GN,21,21,0,0,False
2019-04,math.GR,66,66,0,0,False
2019-04,math.GT,77,77,0,0,False
2019-04,math.HO,26,25,0,0,False
2019-04,math.KT,6,6,0,0,False
2019-04,math.LO,50,48,0,0,False
2019-04,math.MG,28,27,0,0,False
2019-04,math.NA,166,163,0,0,False
2019-04,math.NT,158,156,0,0,False
2019-04,math.OA,32,32,0,0,False
2019-04,math.OC,209,198,0,0,False
2019-04,math.PR,218,217,0,0,False
2019-04,math.QA,27,26,0,0,False
2019-04,math.RA,57,57,0,0,False
2019-04,math.RT,79,79,0,0,False
2019-04,math.SG,20,20,0,0,False
2019-04,math.SP,18,18,0,0,False
2019-04,math.ST,89,87,0,0,False
2019-05,all,2889,2849,0,0,False
2019-05,math.AC,39,39,0,0,False
2019-05,math.AG,174,173,0,0,False
2019-05,math.AP,323,321,0,0,False
2019-05,math.AT,57,57,0,0,False
2019-05,math.CA,90,90,0,0,False
2019-05,math.CO,250,247,0,0,False
2019-05,math.CT,22,22,0,0,False
2019-05,math.CV,54,53,0,0,False
2019-05,math.DG,127,126,0,0,False
2019-05,math.DS,127,126,0,0,False
2019-05,math.FA,138,137,0,0,False
2019-05,math.GM,37,31,0,0,False
2019-05,math.GN,24,24,0,0,False
2019-05,math.GR,63,62,0,0,False
2019-05,math.GT,62,61,0,0,False
2019-05,math.HO,14,9,0,0,False
2019-05,math.KT,14,14,0,0,False
2019-05,math.LO,65,65,0,0,False
2019-05,math.MG,40,40,0,0,False
2019-05,math.NA,211,207,0,0,False
2019-05,math.NT,146,144,0,0,False
2019-05,math.OA,44,44,0,0,False
2019-05,math.OC,249,238,0,0,False
2019-05,math.PR,217,217,0,0,False
2019-05,math.QA,23,23,0,0,False
2019-05,math.RA,70,70,0,0,False
2019-05,math.RT,74,74,0,0,False
2019-05,math.SG,30,30,0,0,False
2019-05,math.SP,14,14,0,0,False
2019-05,math.ST,91,91,0,0,False
2019-06,all,2529,2482,0,0,False
2019-06,math.AC,45,45,0,0,False
2019-06,math.AG,157,155,0,0,False
2019-06,math.AP,293,293,0,0,False
2019-06,math.AT,33,31,0,0,False
2019-06,math.CA,67,66,0,0,False
2019-06,math.CO,265,262,0,0,False
2019-06,math.CT,19,19,0,0,False
2019-06,math.CV,41,41,0,0,False
2019-06,math.DG,116,114,0,0,False
2019-06,math.DS,125,123,0,0,False
2019-06,math.FA,97,96,0,0,False
2019-06,math.GM,15,14,0,0,False
2019-06,math.GN,20,19,0,0,False
2019-06,math.GR,56,54,0,0,False
2019-06,math.GT,49,49,0,0,False
2019-06,math.HO,9,6,0,0,False
2019-06,math.KT,5,5,0,0,False
2019-06,math.LO,44,43,0,0,False
2019-06,math.MG,29,28,0,0,False
2019-06,math.NA,194,187,0,0,False
2019-06,math.NT,154,149,0,0,False
2019-06,math.OA,37,37,0,0,False
2019-06,math.OC,208,200,0,0,False
2019-06,math.PR,185,183,0,0,False
2019-06,math.QA,21,21,0,0,False
2019-06,math.RA,48,48,0,0,False
2019-06,math.RT,67,67,0,0,False
2019-06,math.SG,11,11,0,0,False
2019-06,math.SP,17,17,0,0,False
2019-06,math.ST,102,99,0,0,False
2019-07,all,2880,2831,0,0,False
2019-07,math.AC,58,58,0,0,False
2019-07,math.AG,173,168,0,0,False
2019-07,math.AP,306,304,0,0,False
2019-07,math.AT,51,51,0,0,False
2019-07,math.CA,99,98,0,0,False
2019-07,math.CO,298,298,0,0,False
2019-07,math.CT,19,19,0,0,False
2019-07,math.CV,50,49,0,0,False
2019-07,math.DG,125,123,0,0,False
2019-07,math.DS,119,116,0,0,False
2019-07,math.FA,104,101,0,0,False
2019-07,math.GM,21,17,0,0,False
2019-07,math.GN,16,16,0,0,False
2019-07,math.GR,62,60,0,0,False
2019-07,math.GT,71,69,0,0,False
2019-07,math.HO,21,18,0,0,False
2019-07,math.KT,15,15,0,0,False
2019-07,math.LO,45,43,0,0,False
2019-07,math.MG,41,41,0,0,False
2019-07,math.NA,224,223,0,0,False
2019-07,math.NT,171,166,0,0,False
2019-07,math.OA,41,40,0,0,False
2019-07,math.OC,230,221,0,0,False
2019-07,math.PR,229,227,0,0,False
2019-07,math.QA,27,27,0,0,False
2019-07,math.RA,62,62,0,0,False
2019-07,math.RT,70,69,0,0,False
2019-07,math.SG,17,17,0,0,False
2019-07,math.SP,26,26,0,0,False
2019-07,math.ST,89,89,0,0,False
2019-08,all,2481,2452,0,0,False
2019-08,math.AC,31,31,0,0,False
2019-08,math.AG,145,145,0,0,False
2019-08,math.AP,241,239,0,0,False
2019-08,math.AT,42,42,0,0,False
2019-08,math.CA,69,69,0,0,False
2019-08,math.CO,260,258,0,0,False
2019-08,math.CT,25,25,0,0,False
2019-08,math.CV,53,52,0,0,False
2019-08,math.DG,136,134,0,0,False
2019-08,math.DS,115,114,0,0,False
2019-08,math.FA,100,98,0,0,False
2019-08,math.GM,14,13,0,0,False
2019-08,math.GN,16,16,0,0,False
2019-08,math.GR,72,71,0,0,False
2019-08,math.GT,63,63,0,0,False
2019-08,math.HO,21,21,0,0,False
2019-08,math.KT,11,11,0,0,False
2019-08,math.LO,58,56,0,0,False
2019-08,math.MG,44,43,0,0,False
2019-08,math.NA,185,182,0,0,False
2019-08,math.NT,149,148,0,0,False
2019-08,math.OA,27,27,0,0,False
2019-08,math.OC,172,167,0,0,False
2019-08,math.PR,189,185,0,0,False
2019-08,math.QA,26,26,0,0,False
2019-08,math.RA,50,50,0,0,False
2019-08,math.RT,58,58,0,0,False
2019-08,math.SG,10,10,0,0,False
2019-08,math.SP,25,25,0,0,False
2019-08,math.ST,74,73,0,0,False
2019-09,all,2875,2834,0,0,False
2019-09,math.AC,40,40,0,0,False
2019-09,math.AG,187,186,0,0,False
2019-09,math.AP,276,276,0,0,False
2019-09,math.AT,47,47,0,0,False
2019-09,math.CA,72,72,0,0,False
2019-09,math.CO,262,257,0,0,False
2019-09,math.CT,21,21,0,0,False
2019-09,math.CV,61,61,0,0,False
2019-09,math.DG,153,151,0,0,False
2019-09,math.DS,141,136,0,0,False
2019-09,math.FA,106,105,0,0,False
2019-09,math.GM,28,25,0,0,False
2019-09,math.GN,24,23,0,0,False
2019-09,math.GR,88,86,0,0,False
2019-09,math.GT,91,90,0,0,False
2019-09,math.HO,10,10,0,0,False
2019-09,math.KT,14,13,0,0,False
2019-09,math.LO,52,52,0,0,False
2019-09,math.MG,31,31,0,0,False
2019-09,math.NA,206,201,0,0,False
2019-09,math.NT,183,182,0,0,False
2019-09,math.OA,24,24,0,0,False
2019-09,math.OC,240,233,0,0,False
2019-09,math.PR,220,219,0,0,False
2019-09,math.QA,19,19,0,0,False
2019-09,math.RA,49,48,0,0,False
2019-09,math.RT,72,72,0,0,False
2019-09,math.SG,22,21,0,0,False
2019-09,math.SP,35,35,0,0,False
2019-09,math.ST,101,98,0,0,False
2019-10,all,3144,3093,0,0,False
2019-10,math.AC,43,43,0,0,False
2019-10,math.AG,197,195,0,0,False
2019-10,math.AP,342,340,0,0,False
2019-10,math.AT,49,48,0,0,False
2019-10,math.CA,93,93,0,0,False
2019-10,math.CO,285,283,0,0,False
2019-10,math.CT,23,22,0,0,False
2019-10,math.CV,45,45,0,0,False
2019-10,math.DG,168,164,0,0,False
2019-10,math.DS,143,142,0,0,False
2019-10,math.FA,129,129,0,0,False
2019-10,math.GM,22,19,0,0,False
2019-10,math.GN,22,21,0,0,False
2019-10,math.GR,77,76,0,0,False
2019-10,math.GT,80,80,0,0,False
2019-10,math.HO,23,18,0,0,False
2019-10,math.KT,15,15,0,0,False
2019-10,math.LO,59,58,0,0,False
2019-10,math.MG,34,32,0,0,False
2019-10,math.NA,225,219,0,0,False
2019-10,math.NT,214,213,0,0,False
2019-10,math.OA,31,31,0,0,False
2019-10,math.OC,271,260,0,0,False
2019-10,math.PR,211,209,0,0,False
2019-10,math.QA,43,43,0,0,False
2019-10,math.RA,50,50,0,0,False
2019-10,math.RT,81,80,0,0,False
2019-10,math.SG,28,28,0,0,False
2019-10,math.SP,30,30,0,0,False
2019-10,math.ST,111,107,0,0,False
2019-11,all,2736,2698,0,0,False
2019-11,math.AC,35,35,0,0,False
2019-11,math.AG,166,166,0,0,False
2019-11,math.AP,313,310,0,0,False
2019-11,math.AT,52,52,0,0,False
2019-11,math.CA,63,63,0,0,False
2019-11,math.CO,255,250,0,0,False
2019-11,math.CT,27,27,0,0,False
2019-11,math.CV,50,48,0,0,False
2019-11,math.DG,142,139,0,0,False
2019-11,math.DS,121,119,0,0,False
2019-11,math.FA,107,104,0,0,False
2019-11,math.GM,28,23,0,0,False
2019-11,math.GN,21,19,0,0,False
2019-11,math.GR,74,74,0,0,False
2019-11,math.GT,66,66,0,0,False
2019-11,math.HO,12,12,0,0,False
2019-11,math.KT,10,10,0,0,False
2019-11,math.LO,40,40,0,0,False
2019-11,math.MG,26,26,0,0,False
2019-11,math.NA,189,187,0,0,False
2019-11,math.NT,150,148,0,0,False
2019-11,math.OA,35,32,0,0,False
2019-11,math.OC,235,231,0,0,False
2019-11,math.PR,220,220,0,0,False
2019-11,math.QA,43,43,0,0,False
2019-11,math.RA,69,68,0,0,False
2019-11,math.RT,74,74,0,0,False
2019-11,math.SG,21,21,0,0,False
2019-11,math.SP,14,14,0,0,False
2019-11,math.ST,78,77,0,0,False
2019-12,all,3049,3002,0,0,False
2019-12,math.AC,36,35,0,0,False
2019-12,math.AG,185,184,0,0,False
2019-12,math.AP,320,319,0,0,False
2019-12,math.AT,51,51,0,0,False
2019-12,math.CA,93,92,0,0,False
2019-12,math.CO,276,274,0,0,False
2019-12,math.CT,9,9,0,0,False
2019-12,math.CV,58,58,0,0,False
2019-12,math.DG,121,121,0,0,False
2019-12,math.DS,121,119,0,0,False
2019-12,math.FA,159,153,0,0,False
2019-12,math.GM,24,21,0,0,False
2019-12,math.GN,21,20,0,0,False
2019-12,math.GR,53,52,0,0,False
2019-12,math.GT,80,79,0,0,False
2019-12,math.HO,24,20,0,0,False
2019-12,math.KT,13,13,0,0,False
2019-12,math.LO,53,53,0,0,False
2019-12,math.MG,34,33,0,0,False
2019-12,math.NA,239,235,0,0,False
2019-12,math.NT,191,189,0,0,False
2019-12,math.OA,30,30,0,0,False
2019-12,math.OC,283,273,0,0,False
2019-12,math.PR,234,233,0,0,False
2019-12,math.QA,34,33,0,0,False
2019-12,math.RA,71,69,0,0,False
2019-12,math.RT,89,88,0,0,False
2019-12,math.SG,25,25,0,0,False
2019-12,math.SP,24,24,0,0,False
2019-12,math.ST,98,97,0,0,False
2020-01,all,2659,2619,0,0,False
2020-01,math.AC,30,30,0,0,False
2020-01,math.AG,150,149,0,0,False
2020-01,math.AP,304,302,0,0,False
2020-01,math.AT,65,65,0,0,False
2020-01,math.CA,80,78,0,0,False
2020-01,math.CO,226,223,0,0,False
2020-01,math.CT,17,17,0,0,False
2020-01,math.CV,41,41,0,0,False
2020-01,math.DG,140,138,0,0,False
2020-01,math.DS,122,121,0,0,False
2020-01,math.FA,103,102,0,0,False
2020-01,math.GM,17,15,0,0,False
2020-01,math.GN,16,16,0,0,False
2020-01,math.GR,65,65,0,0,False
2020-01,math.GT,55,53,0,0,False
2020-01,math.HO,15,12,0,0,False
2020-01,math.KT,12,12,0,0,False
2020-01,math.LO,46,46,0,0,False
2020-01,math.MG,23,23,0,0,False
2020-01,math.NA,212,210,0,0,False
2020-01,math.NT,180,178,0,0,False
2020-01,math.OA,25,25,0,0,False
2020-01,math.OC,238,226,0,0,False
2020-01,math.PR,194,193,0,0,False
2020-01,math.QA,29,29,0,0,False
2020-01,math.RA,79,77,0,0,False
2020-01,math.RT,70,69,0,0,False
2020-01,math.SG,10,9,0,0,False
2020-01,math.SP,22,22,0,0,False
2020-01,math.ST,73,73,0,0,False
2020-02,all,2788,2745,0,0,False
2020-02,math.AC,47,47,0,0,False
2020-02,math.AG,188,187,0,0,False
2020-02,math.AP,282,281,0,0,False
2020-02,math.AT,49,49,0,0,False
2020-02,math.CA,82,82,0,0,False
2020-02,math.CO,221,218,0,0,False
2020-02,math.CT,22,21,0,0,False
2020-02,math.CV,42,40,0,0,False
2020-02,math.DG,126,125,0,0,False
2020-02,math.DS,115,114,0,0,False
2020-02,math.FA,130,130,0,0,False
2020-02,math.GM,29,23,0,0,False
2020-02,math.GN,21,17,0,0,False
2020-02,math.GR,86,84,0,0,False
2020-02,math.GT,78,78,0,0,False
2020-02,math.HO,19,18,0,0,False
2020-02,math.KT,9,9,0,0,False
2020-02,math.LO,58,57,0,0,False
2020-02,math.MG,31,31,0,0,False
2020-02,math.NA,213,212,0,0,False
2020-02,math.NT,173,170,0,0,False
2020-02,math.OA,29,29,0,0,False
2020-02,math.OC,267,254,0,0,False
2020-02,math.PR,189,189,0,0,False
2020-02,math.QA,29,29,0,0,False
2020-02,math.RA,44,44,0,0,False
2020-02,math.RT,69,69,0,0,False
2020-02,math.SG,17,17,0,0,False
2020-02,math.SP,19,19,0,0,False
2020-02,math.ST,104,102,0,0,False
2020-03,all,3010,2969,0,0,False
2020-03,math.AC,35,35,0,0,False
2020-03,math.AG,178,177,0,0,False
2020-03,math.AP,355,353,0,0,False
2020-03,math.AT,37,37,0,0,False
2020-03,math.CA,79,78,0,0,False
2020-03,math.CO,293,290,0,0,False
2020-03,math.CT,27,27,0,0,False
2020-03,math.CV,57,57,0,0,False
2020-03,math.DG,136,133,0,0,False
2020-03,math.DS,134,131,0,0,False
2020-03,math.FA,132,131,0,0,False
2020-03,math.GM,35,28,0,0,False
2020-03,math.GN,17,17,0,0,False
2020-03,math.GR,72,72,0,0,False
2020-03,math.GT,77,76,0,0,False
2020-03,math.HO,21,20,0,0,False
2020-03,math.KT,9,9,0,0,False
2020-03,math.LO,49,49,0,0,False
2020-03,math.MG,28,27,0,0,False
2020-03,math.NA,221,218,0,0,False
2020-03,math.NT,182,180,0,0,False
2020-03,math.OA,24,24,0,0,False
2020-03,math.OC,270,263,0,0,False
2020-03,math.PR,236,233,0,0,False
2020-03,math.QA,36,36,0,0,False
2020-03,math.RA,48,48,0,0,False
2020-03,math.RT,81,80,0,0,False
2020-03,math.SG,22,22,0,0,False
2020-03,math.SP,26,26,0,0,False
2020-03,math.ST,93,92,0,0,False
2020-04,all,2956,2910,0,0,False
2020-04,math.AC,31,30,0,0,False
2020-04,math.AG,167,166,0,0,False
2020-04,math.AP,355,354,0,0,False
2020-04,math.AT,40,40,0,0,False
2020-04,math.CA,65,65,0,0,False
2020-04,math.CO,258,256,0,0,False
2020-04,math.CT,33,33,0,0,False
2020-04,math.CV,79,79,0,0,False
2020-04,math.DG,133,130,0,0,False
2020-04,math.DS,127,122,0,0,False
2020-04,math.FA,115,115,0,0,False
2020-04,math.GM,21,19,0,0,False
2020-04,math.GN,21,21,0,0,False
2020-04,math.GR,90,89,0,0,False
2020-04,math.GT,79,78,0,0,False
2020-04,math.HO,18,15,0,0,False
2020-04,math.KT,7,7,0,0,False
2020-04,math.LO,72,70,0,0,False
2020-04,math.MG,41,39,0,0,False
2020-04,math.NA,221,219,0,0,False
2020-04,math.NT,157,154,0,0,False
2020-04,math.OA,28,28,0,0,False
2020-04,math.OC,260,250,0,0,False
2020-04,math.PR,245,240,0,0,False
2020-04,math.QA,31,31,0,0,False
2020-04,math.RA,59,59,0,0,False
2020-04,math.RT,74,74,0,0,False
2020-04,math.SG,19,18,0,0,False
2020-04,math.SP,25,25,0,0,False
2020-04,math.ST,85,84,0,0,False
2020-05,all,3072,3022,0,0,False
2020-05,math.AC,46,46,0,0,False
2020-05,math.AG,163,162,0,0,False
2020-05,math.AP,368,366,0,0,False
2020-05,math.AT,47,47,0,0,False
2020-05,math.CA,97,97,0,0,False
2020-05,math.CO,318,315,0,0,False
2020-05,math.CT,33,31,0,0,False
2020-05,math.CV,55,53,0,0,False
2020-05,math.DG,124,123,0,0,False
2020-05,math.DS,128,127,0,0,False
2020-05,math.FA,144,142,0,0,False
2020-05,math.GM,23,19,0,0,False
2020-05,math.GN,17,17,0,0,False
2020-05,math.GR,84,82,0,0,False
2020-05,math.GT,78,77,0,0,False
2020-05,math.HO,18,15,0,0,False
2020-05,math.KT,6,6,0,0,False
2020-05,math.LO,47,46,0,0,False
2020-05,math.MG,38,37,0,0,False
2020-05,math.NA,203,198,0,0,False
2020-05,math.NT,234,233,0,0,False
2020-05,math.OA,37,36,0,0,False
2020-05,math.OC,234,223,0,0,False
2020-05,math.PR,228,227,0,0,False
2020-05,math.QA,38,37,0,0,False
2020-05,math.RA,58,58,0,0,False
2020-05,math.RT,74,74,0,0,False
2020-05,math.SG,19,19,0,0,False
2020-05,math.SP,24,24,0,0,False
2020-05,math.ST,89,85,0,0,False
2020-06,all,3224,3173,0,0,False
2020-06,math.AC,36,36,0,0,False
2020-06,math.AG,178,174,0,0,False
2020-06,math.AP,376,374,0,0,False
2020-06,math.AT,58,58,0,0,False
2020-06,math.CA,107,106,0,0,False
2020-06,math.CO,286,279,0,0,False
2020-06,math.CT,28,27,0,0,False
2020-06,math.CV,53,53,0,0,False
2020-06,math.DG,138,138,0,0,False
2020-06,math.DS,148,146,0,0,False
2020-06,math.FA,127,123,0,0,False
2020-06,math.GM,31,28,0,0,False
2020-06,math.GN,13,13,0,0,False
2020-06,math.GR,88,87,0,0,False
2020-06,math.GT,83,82,0,0,False
2020-06,math.HO,13,12,0,0,False
2020-06,math.KT,13,13,0,0,False
2020-06,math.LO,64,64,0,0,False
2020-06,math.MG,31,29,0,0,False
2020-06,math.NA,211,209,0,0,False
2020-06,math.NT,232,229,0,0,False
2020-06,math.OA,37,37,0,0,False
2020-06,math.OC,299,289,0,0,False
2020-06,math.PR,228,226,0,0,False
2020-06,math.QA,22,21,0,0,False
2020-06,math.RA,78,77,0,0,False
2020-06,math.RT,86,85,0,0,False
2020-06,math.SG,20,20,0,0,False
2020-06,math.SP,37,37,0,0,False
2020-06,math.ST,103,101,0,0,False
2020-07,all,3099,3058,0,0,False
2020-07,math.AC,43,43,0,0,False
2020-07,math.AG,195,193,0,0,False
2020-07,math.AP,348,343,0,0,False
2020-07,math.AT,59,59,0,0,False
2020-07,math.CA,75,75,0,0,False
2020-07,math.CO,309,308,0,0,False
2020-07,math.CT,24,23,0,0,False
2020-07,math.CV,60,60,0,0,False
2020-07,math.DG,164,162,0,0,False
2020-07,math.DS,131,130,0,0,False
2020-07,math.FA,146,143,0,0,False
2020-07,math.GM,22,16,0,0,False
2020-07,math.GN,28,28,0,0,False
2020-07,math.GR,73,73,0,0,False
2020-07,math.GT,76,76,0,0,False
2020-07,math.HO,7,6,0,0,False
2020-07,math.KT,13,13,0,0,False
2020-07,math.LO,48,48,0,0,False
2020-07,math.MG,38,37,0,0,False
2020-07,math.NA,246,244,0,0,False
2020-07,math.NT,173,171,0,0,False
2020-07,math.OA,25,25,0,0,False
2020-07,math.OC,263,254,0,0,False
2020-07,math.PR,227,225,0,0,False
2020-07,math.QA,26,26,0,0,False
2020-07,math.RA,72,71,0,0,False
2020-07,math.RT,79,79,0,0,False
2020-07,math.SG,11,11,0,0,False
2020-07,math.SP,17,17,0,0,False
2020-07,math.ST,101,99,0,0,False
2020-08,all,2659,2626,0,0,False
2020-08,math.AC,27,27,0,0,False
2020-08,math.AG,142,140,0,0,False
2020-08,math.AP,295,293,0,0,False
2020-08,math.AT,40,40,0,0,False
2020-08,math.CA,64,63,0,0,False
2020-08,math.CO,289,289,0,0,False
2020-08,math.CT,18,18,0,0,False
2020-08,math.CV,51,51,0,0,False
2020-08,math.DG,124,123,0,0,False
2020-08,math.DS,107,106,0,0,False
2020-08,math.FA,111,110,0,0,False
2020-08,math.GM,16,15,0,0,False
2020-08,math.GN,5,5,0,0,False
2020-08,math.GR,75,74,0,0,False
2020-08,math.GT,76,74,0,0,False
2020-08,math.HO,25,19,0,0,False
2020-08,math.KT,3,3,0,0,False
2020-08,math.LO,54,51,0,0,False
2020-08,math.MG,31,30,0,0,False
2020-08,math.NA,190,187,0,0,False
2020-08,math.NT,177,175,0,0,False
2020-08,math.OA,29,29,0,0,False
2020-08,math.OC,198,193,0,0,False
2020-08,math.PR,209,209,0,0,False
2020-08,math.QA,24,24,0,0,False
2020-08,math.RA,67,67,0,0,False
2020-08,math.RT,83,83,0,0,False
2020-08,math.SG,24,24,0,0,False
2020-08,math.SP,16,16,0,0,False
2020-08,math.ST,89,88,0,0,False
2020-09,all,2984,2937,0,0,False
2020-09,math.AC,47,45,0,0,False
2020-09,math.AG,162,161,0,0,False
2020-09,math.AP,325,320,0,0,False
2020-09,math.AT,33,33,0,0,False
2020-09,math.CA,86,86,0,0,False
2020-09,math.CO,298,294,0,0,False
2020-09,math.CT,22,22,0,0,False
2020-09,math.CV,65,65,0,0,False
2020-09,math.DG,154,152,0,0,False
2020-09,math.DS,126,125,0,0,False
2020-09,math.FA,128,126,0,0,False
2020-09,math.GM,22,20,0,0,False
2020-09,math.GN,15,15,0,0,False
2020-09,math.GR,85,84,0,0,False
2020-09,math.GT,90,88,0,0,False
2020-09,math.HO,16,13,0,0,False
2020-09,math.KT,20,20,0,0,False
2020-09,math.LO,57,56,0,0,False
2020-09,math.MG,42,41,0,0,False
2020-09,math.NA,201,197,0,0,False
2020-09,math.NT,199,197,0,0,False
2020-09,math.OA,35,34,0,0,False
2020-09,math.OC,265,256,0,0,False
2020-09,math.PR,220,217,0,0,False
2020-09,math.QA,28,28,0,0,False
2020-09,math.RA,58,58,0,0,False
2020-09,math.RT,67,67,0,0,False
2020-09,math.SG,16,16,0,0,False
2020-09,math.SP,16,16,0,0,False
2020-09,math.ST,86,85,0,0,False
2020-10,all,3046,3008,0,0,False
2020-10,math.AC,37,37,0,0,False
2020-10,math.AG,172,172,0,0,False
2020-10,math.AP,347,345,0,0,False
2020-10,math.AT,41,41,0,0,False
2020-10,math.CA,67,66,0,0,False
2020-10,math.CO,299,295,0,0,False
2020-10,math.CT,32,31,0,0,False
2020-10,math.CV,43,42,0,0,False
2020-10,math.DG,150,150,0,0,False
2020-10,math.DS,152,147,0,0,False
2020-10,math.FA,135,134,0,0,False
2020-10,math.GM,25,22,0,0,False
2020-10,math.GN,11,9,0,0,False
2020-10,math.GR,80,80,0,0,False
2020-10,math.GT,105,104,0,0,False
2020-10,math.HO,15,14,0,0,False
2020-10,math.KT,11,11,0,0,False
2020-10,math.LO,54,54,0,0,False
2020-10,math.MG,21,21,0,0,False
2020-10,math.NA,234,232,0,0,False
2020-10,math.NT,208,205,0,0,False
2020-10,math.OA,29,28,0,0,False
2020-10,math.OC,248,242,0,0,False
2020-10,math.PR,222,220,0,0,False
2020-10,math.QA,20,20,0,0,False
2020-10,math.RA,62,62,0,0,False
2020-10,math.RT,89,89,0,0,False
2020-10,math.SG,27,26,0,0,False
2020-10,math.SP,11,11,0,0,False
2020-10,math.ST,99,98,0,0,False
2020-11,all,2807,2744,0,0,False
2020-11,math.AC,41,39,0,0,False
2020-11,math.AG,159,157,0,0,False
2020-11,math.AP,317,314,0,0,False
2020-11,math.AT,52,52,0,0,False
2020-11,math.CA,77,76,0,0,False
2020-11,math.CO,233,230,0,0,False
2020-11,math.CT,22,22,0,0,False
2020-11,math.CV,62,62,0,0,False
2020-11,math.DG,109,107,0,0,False
2020-11,math.DS,124,119,0,0,False
2020-11,math.FA,118,117,0,0,False
2020-11,math.GM,15,12,0,0,False
2020-11,math.GN,14,14,0,0,False
2020-11,math.GR,59,58,0,0,False
2020-11,math.GT,81,81,0,0,False
2020-11,math.HO,15,8,0,0,False
2020-11,math.KT,9,8,0,0,False
2020-11,math.LO,56,54,0,0,False
2020-11,math.MG,26,26,0,0,False
2020-11,math.NA,251,241,0,0,False
2020-11,math.NT,177,174,0,0,False
2020-11,math.OA,30,30,0,0,False
2020-11,math.OC,264,255,0,0,False
2020-11,math.PR,199,196,0,0,False
2020-11,math.QA,24,24,0,0,False
2020-11,math.RA,46,46,0,0,False
2020-11,math.RT,77,74,0,0,False
2020-11,math.SG,26,26,0,0,False
2020-11,math.SP,27,27,0,0,False
2020-11,math.ST,97,95,0,0,False
2020-12,all,3063,2996,0,0,False
2020-12,math.AC,37,37,0,0,False
2020-12,math.AG,201,200,0,0,False
2020-12,math.AP,334,334,0,0,False
2020-12,math.AT,49,49,0,0,False
2020-12,math.CA,81,81,0,0,False
2020-12,math.CO,304,295,0,0,False
2020-12,math.CT,26,26,0,0,False
2020-12,math.CV,60,60,0,0,False
2020-12,math.DG,134,133,0,0,False
2020-12,math.DS,151,147,0,0,False
2020-12,math.FA,134,130,0,0,False
2020-12,math.GM,26,14,0,0,False
2020-12,math.GN,15,15,0,0,False
2020-12,math.GR,73,72,0,0,False
2020-12,math.GT,73,71,0,0,False
2020-12,math.HO,23,20,0,0,False
2020-12,math.KT,9,9,0,0,False
2020-12,math.LO,46,46,0,0,False
2020-12,math.MG,36,36,0,0,False
2020-12,math.NA,240,230,0,0,False
2020-12,math.NT,188,181,0,0,False
2020-12,math.OA,32,32,0,0,False
2020-12,math.OC,268,258,0,0,False
2020-12,math.PR,225,225,0,0,False
2020-12,math.QA,29,28,0,0,False
2020-12,math.RA,46,45,0,0,False
2020-12,math.RT,81,80,0,0,False
2020-12,math.SG,22,22,0,0,False
2020-12,math.SP,34,34,0,0,False
2020-12,math.ST,86,86,0,0,False
2021-01,all,2754,2704,0,0,False
2021-01,math.AC,57,57,0,0,False
2021-01,math.AG,169,166,0,0,False
2021-01,math.AP,274,273,0,0,False
2021-01,math.AT,25,25,0,0,False
2021-01,math.CA,73,72,0,0,False
2021-01,math.CO,249,244,0,0,False
2021-01,math.CT,29,29,0,0,False
2021-01,math.CV,47,45,0,0,False
2021-01,math.DG,131,131,0,0,False
2021-01,math.DS,126,124,0,0,False
2021-01,math.FA,115,112,0,0,False
2021-01,math.GM,34,33,0,0,False
2021-01,math.GN,13,13,0,0,False
2021-01,math.GR,68,67,0,0,False
2021-01,math.GT,56,56,0,0,False
2021-01,math.HO,15,15,0,0,False
2021-01,math.KT,8,8,0,0,False
2021-01,math.LO,56,53,0,0,False
2021-01,math.MG,27,27,0,0,False
2021-01,math.NA,239,231,0,0,False
2021-01,math.NT,188,183,0,0,False
2021-01,math.OA,31,30,0,0,False
2021-01,math.OC,260,249,0,0,False
2021-01,math.PR,202,201,0,0,False
2021-01,math.QA,15,15,0,0,False
2021-01,math.RA,57,56,0,0,False
2021-01,math.RT,70,69,0,0,False
2021-01,math.SG,17,17,0,0,False
2021-01,math.SP,21,21,0,0,False
2021-01,math.ST,82,82,0,0,False
2021-02,all,2586,2549,0,0,False
2021-02,math.AC,37,37,0,0,False
2021-02,math.AG,143,143,0,0,False
2021-02,math.AP,296,291,0,0,False
2021-02,math.AT,27,26,0,0,False
2021-02,math.CA,48,48,0,0,False
2021-02,math.CO,245,242,0,0,False
2021-02,math.CT,32,31,0,0,False
2021-02,math.CV,38,37,0,0,False
2021-02,math.DG,112,110,0,0,False
2021-02,math.DS,113,112,0,0,False
2021-02,math.FA,101,100,0,0,False
2021-02,math.GM,24,22,0,0,False
2021-02,math.GN,19,18,0,0,False
2021-02,math.GR,67,67,0,0,False
2021-02,math.GT,44,43,0,0,False
2021-02,math.HO,12,11,0,0,False
2021-02,math.KT,8,8,0,0,False
2021-02,math.LO,47,43,0,0,False
2021-02,math.MG,34,34,0,0,False
2021-02,math.NA,232,227,0,0,False
2021-02,math.NT,188,188,0,0,False
2021-02,math.OA,23,23,0,0,False
2021-02,math.OC,238,235,0,0,False
2021-02,math.PR,192,191,0,0,False
2021-02,math.QA,17,17,0,0,False
2021-02,math.RA,44,44,0,0,False
2021-02,math.RT,81,80,0,0,False
2021-02,math.SG,29,28,0,0,False
2021-02,math.SP,17,17,0,0,False
2021-02,math.ST,78,76,0,0,False
2021-03,all,3149,3088,0,0,False
2021-03,math.AC,35,35,0,0,False
2021-03,math.AG,184,180,0,0,False
2021-03,math.AP,363,362,0,0,False
2021-03,math.AT,48,48,0,0,False
2021-03,math.CA,55,54,0,0,False
2021-03,math.CO,285,280,0,0,False
2021-03,math.CT,30,30,0,0,False
2021-03,math.CV,62,61,0,0,False
2021-03,math.DG,144,143,0,0,False
2021-03,math.DS,166,163,0,0,False
2021-03,math.FA,111,109,0,0,False
2021-03,math.GM,32,26,0,0,False
2021-03,math.GN,17,17,0,0,False
2021-03,math.GR,89,88,0,0,False
2021-03,math.GT,75,74,0,0,False
2021-03,math.HO,15,11,0,0,False
2021-03,math.KT,7,7,0,0,False
2021-03,math.LO,53,52,0,0,False
2021-03,math.MG,30,30,0,0,False
2021-03,math.NA,307,298,0,0,False
2021-03,math.NT,191,190,0,0,False
2021-03,math.OA,24,24,0,0,False
2021-03,math.OC,338,322,0,0,False
2021-03,math.PR,220,218,0,0,False
2021-03,math.QA,35,35,0,0,False
2021-03,math.RA,45,44,0,0,False
2021-03,math.RT,63,63,0,0,False
2021-03,math.SG,17,17,0,0,False
2021-03,math.SP,24,24,0,0,False
2021-03,math.ST,84,83,0,0,False
2021-04,all,2770,2713,0,0,False
2021-04,math.AC,45,45,0,0,False
2021-04,math.AG,126,124,0,0,False
2021-04,math.AP,321,320,0,0,False
2021-04,math.AT,41,41,0,0,False
2021-04,math.CA,73,72,0,0,False
2021-04,math.CO,283,278,0,0,False
2021-04,math.CT,27,27,0,0,False
2021-04,math.CV,62,62,0,0,False
2021-04,math.DG,113,112,0,0,False
2021-04,math.DS,122,119,0,0,False
2021-04,math.FA,112,108,0,0,False
2021-04,math.GM,28,24,0,0,False
2021-04,math.GN,19,19,0,0,False
2021-04,math.GR,47,47,0,0,False
2021-04,math.GT,67,66,0,0,False
2021-04,math.HO,11,10,0,0,False
2021-04,math.KT,5,5,0,0,False
2021-04,math.LO,46,44,0,0,False
2021-04,math.MG,27,27,0,0,False
2021-04,math.NA,251,242,0,0,False
2021-04,math.NT,168,166,0,0,False
2021-04,math.OA,27,27,0,0,False
2021-04,math.OC,272,261,0,0,False
2021-04,math.PR,200,196,0,0,False
2021-04,math.QA,35,35,0,0,False
2021-04,math.RA,55,52,0,0,False
2021-04,math.RT,58,58,0,0,False
2021-04,math.SG,19,19,0,0,False
2021-04,math.SP,23,23,0,0,False
2021-04,math.ST,87,84,0,0,False
2021-05,all,2953,2894,0,0,False
2021-05,math.AC,43,43,0,0,False
2021-05,math.AG,171,170,0,0,False
2021-05,math.AP,304,301,0,0,False
2021-05,math.AT,46,46,0,0,False
2021-05,math.CA,64,64,0,0,False
2021-05,math.CO,270,265,0,0,False
2021-05,math.CT,41,41,0,0,False
2021-05,math.CV,53,52,0,0,False
2021-05,math.DG,148,146,0,0,False
2021-05,math.DS,138,134,0,0,False
2021-05,math.FA,110,108,0,0,False
2021-05,math.GM,25,19,0,0,False
2021-05,math.GN,14,13,0,0,False
2021-05,math.GR,75,75,0,0,False
2021-05,math.GT,64,64,0,0,False
2021-05,math.HO,26,22,0,0,False
2021-05,math.KT,9,9,0,0,False
2021-05,math.LO,58,57,0,0,False
2021-05,math.MG,36,35,0,0,False
2021-05,math.NA,274,262,0,0,False
2021-05,math.NT,182,179,0,0,False
2021-05,math.OA,35,34,0,0,False
2021-05,math.OC,271,261,0,0,False
2021-05,math.PR,220,220,0,0,False
2021-05,math.QA,21,21,0,0,False
2021-05,math.RA,52,51,0,0,False
2021-05,math.RT,84,84,0,0,False
2021-05,math.SG,15,15,0,0,False
2021-05,math.SP,15,15,0,0,False
2021-05,math.ST,89,88,0,0,False
2021-06,all,2940,2893,0,0,False
2021-06,math.AC,59,58,0,0,False
2021-06,math.AG,155,154,0,0,False
2021-06,math.AP,333,330,0,0,False
2021-06,math.AT,54,54,0,0,False
2021-06,math.CA,66,65,0,0,False
2021-06,math.CO,293,290,0,0,False
2021-06,math.CT,25,25,0,0,False
2021-06,math.CV,59,57,0,0,False
2021-06,math.DG,129,128,0,0,False
2021-06,math.DS,131,128,0,0,False
2021-06,math.FA,105,103,0,0,False
2021-06,math.GM,23,20,0,0,False
2021-06,math.GN,12,12,0,0,False
2021-06,math.GR,69,69,0,0,False
2021-06,math.GT,57,57,0,0,False
2021-06,math.HO,16,13,0,0,False
2021-06,math.KT,4,4,0,0,False
2021-06,math.LO,51,51,0,0,False
2021-06,math.MG,30,30,0,0,False
2021-06,math.NA,273,263,0,0,False
2021-06,math.NT,180,178,0,0,False
2021-06,math.OA,19,18,0,0,False
2021-06,math.OC,324,317,0,0,False
2021-06,math.PR,205,204,0,0,False
2021-06,math.QA,25,24,0,0,False
2021-06,math.RA,44,43,0,0,False
2021-06,math.RT,72,72,0,0,False
2021-06,math.SG,21,21,0,0,False
2021-06,math.SP,20,20,0,0,False
2021-06,math.ST,86,85,0,0,False
2021-07,all,2929,2884,0,0,False
2021-07,math.AC,52,51,0,0,False
2021-07,math.AG,183,183,0,0,False
2021-07,math.AP,355,355,0,0,False
2021-07,math.AT,50,49,0,0,False
2021-07,math.CA,76,76,0,0,False
2021-07,math.CO,289,286,0,0,False
2021-07,math.CT,19,18,0,0,False
2021-07,math.CV,51,51,0,0,False
2021-07,math.DG,129,128,0,0,False
2021-07,math.DS,124,122,0,0,False
2021-07,math.FA,120,120,0,0,False
2021-07,math.GM,16,12,0,0,False
2021-07,math.GN,16,16,0,0,False
2021-07,math.GR,83,82,0,0,False
2021-07,math.GT,59,56,0,0,False
2021-07,math.HO,14,12,0,0,False
2021-07,math.KT,6,6,0,0,False
2021-07,math.LO,50,50,0,0,False
2021-07,math.MG,30,29,0,0,False
2021-07,math.NA,222,215,0,0,False
2021-07,math.NT,156,154,0,0,False
2021-07,math.OA,39,39,0,0,False
2021-07,math.OC,273,262,0,0,False
2021-07,math.PR,196,194,0,0,False
2021-07,math.QA,31,31,0,0,False
2021-07,math.RA,64,64,0,0,False
2021-07,math.RT,86,86,0,0,False
2021-07,math.SG,18,18,0,0,False
2021-07,math.SP,24,24,0,0,False
2021-07,math.ST,98,95,0,0,False
2021-08,all,2639,2586,0,0,False
2021-08,math.AC,42,41,0,0,False
2021-08,math.AG,182,181,0,0,False
2021-08,math.AP,284,280,0,0,False
2021-08,math.AT,43,43,0,0,False
2021-08,math.CA,58,57,0,0,False
2021-08,math.CO,277,272,0,0,False
2021-08,math.CT,19,19,0,0,False
2021-08,math.CV,43,43,0,0,False
2021-08,math.DG,132,131,0,0,False
2021-08,math.DS,108,103,0,0,False
2021-08,math.FA,102,100,0,0,False
2021-08,math.GM,22,21,0,0,False
2021-08,math.GN,13,13,0,0,False
2021-08,math.GR,44,42,0,0,False
2021-08,math.GT,71,71,0,0,False
2021-08,math.HO,17,12,0,0,False
2021-08,math.KT,6,6,0,0,False
2021-08,math.LO,46,45,0,0,False
2021-08,math.MG,33,33,0,0,False
2021-08,math.NA,224,217,0,0,False
2021-08,math.NT,193,187,0,0,False
2021-08,math.OA,39,39,0,0,False
2021-08,math.OC,202,194,0,0,False
2021-08,math.PR,180,179,0,0,False
2021-08,math.QA,21,21,0,0,False
2021-08,math.RA,56,56,0,0,False
2021-08,math.RT,75,75,0,0,False
2021-08,math.SG,17,17,0,0,False
2021-08,math.SP,21,20,0,0,False
2021-08,math.ST,69,68,0,0,False
2021-09,all,2895,2841,0,0,False
2021-09,math.AC,42,42,0,0,False
2021-09,math.AG,145,145,0,0,False
2021-09,math.AP,339,337,0,0,False
2021-09,math.AT,46,46,0,0,False
2021-09,math.CA,69,69,0,0,False
2021-09,math.CO,277,277,0,0,False
2021-09,math.CT,27,27,0,0,False
2021-09,math.CV,49,49,0,0,False
2021-09,math.DG,137,135,0,0,False
2021-09,math.DS,127,127,0,0,False
2021-09,math.FA,108,107,0,0,False
2021-09,math.GM,25,22,0,0,False
2021-09,math.GN,23,23,0,0,False
2021-09,math.GR,67,64,0,0,False
2021-09,math.GT,76,75,0,0,False
2021-09,math.HO,14,8,0,0,False
2021-09,math.KT,11,11,0,0,False
2021-09,math.LO,62,61,0,0,False
2021-09,math.MG,40,40,0,0,False
2021-09,math.NA,216,209,0,0,False
2021-09,math.NT,206,203,0,0,False
2021-09,math.OA,39,38,0,0,False
2021-09,math.OC,292,280,0,0,False
2021-09,math.PR,195,187,0,0,False
2021-09,math.QA,24,24,0,0,False
2021-09,math.RA,42,41,0,0,False
2021-09,math.RT,87,87,0,0,False
2021-09,math.SG,20,20,0,0,False
2021-09,math.SP,17,17,0,0,False
2021-09,math.ST,73,70,0,0,False
2021-10,all,2924,2866,0,0,False
2021-10,math.AC,26,26,0,0,False
2021-10,math.AG,158,155,0,0,False
2021-10,math.AP,314,312,0,0,False
2021-10,math.AT,46,45,0,0,False
2021-10,math.CA,69,68,0,0,False
2021-10,math.CO,300,295,0,0,False
2021-10,math.CT,22,22,0,0,False
2021-10,math.CV,45,45,0,0,False
2021-10,math.DG,139,137,0,0,False
2021-10,math.DS,121,117,0,0,False
2021-10,math.FA,113,110,0,0,False
2021-10,math.GM,25,21,0,0,False
2021-10,math.GN,16,16,0,0,False
2021-10,math.GR,69,69,0,0,False
2021-10,math.GT,69,69,0,0,False
2021-10,math.HO,9,7,0,0,False
2021-10,math.KT,11,11,0,0,False
2021-10,math.LO,70,69,0,0,False
2021-10,math.MG,34,33,0,0,False
2021-10,math.NA,254,247,0,0,False
2021-10,math.NT,197,192,0,0,False
2021-10,math.OA,36,36,0,0,False
2021-10,math.OC,279,276,0,0,False
2021-10,math.PR,218,206,0,0,False
2021-10,math.QA,27,27,0,0,False
2021-10,math.RA,37,37,0,0,False
2021-10,math.RT,72,72,0,0,False
2021-10,math.SG,31,29,0,0,False
2021-10,math.SP,25,25,0,0,False
2021-10,math.ST,92,92,0,0,False
2021-11,all,2899,2846,0,0,False
2021-11,math.AC,41,40,0,0,False
2021-11,math.AG,173,172,0,0,False
2021-11,math.AP,335,331,0,0,False
2021-11,math.AT,42,42,0,0,False
2021-11,math.CA,63,61,0,0,False
2021-11,math.CO,300,293,0,0,False
2021-11,math.CT,21,21,0,0,False
2021-11,math.CV,62,59,0,0,False
2021-11,math.DG,139,138,0,0,False
2021-11,math.DS,134,133,0,0,False
2021-11,math.FA,102,101,0,0,False
2021-11,math.GM,21,17,0,0,False
2021-11,math.GN,22,22,0,0,False
2021-11,math.GR,58,56,0,0,False
2021-11,math.GT,81,81,0,0,False
2021-11,math.HO,15,12,0,0,False
2021-11,math.KT,13,13,0,0,False
2021-11,math.LO,46,46,0,0,False
2021-11,math.MG,34,33,0,0,False
2021-11,math.NA,254,248,0,0,False
2021-11,math.NT,213,210,0,0,False
2021-11,math.OA,34,33,0,0,False
2021-11,math.OC,250,242,0,0,False
2021-11,math.PR,219,217,0,0,False
2021-11,math.QA,23,23,0,0,False
2021-11,math.RA,40,40,0,0,False
2021-11,math.RT,63,63,0,0,False
2021-11,math.SG,23,22,0,0,False
2021-11,math.SP,16,16,0,0,False
2021-11,math.ST,62,61,0,0,False
2021-12,all,2974,2918,1,0,False
2021-12,math.AC,55,54,0,0,False
2021-12,math.AG,198,198,0,0,False
2021-12,math.AP,364,361,0,0,False
2021-12,math.AT,42,41,0,0,False
2021-12,math.CA,70,70,0,0,False
2021-12,math.CO,274,269,0,0,False
2021-12,math.CT,27,27,0,0,False
2021-12,math.CV,52,52,0,0,False
2021-12,math.DG,132,128,0,0,False
2021-12,math.DS,141,136,0,0,False
2021-12,math.FA,105,105,1,0,False
2021-12,math.GM,26,23,0,0,False
2021-12,math.GN,21,20,0,0,False
2021-12,math.GR,78,77,0,0,False
2021-12,math.GT,65,62,0,0,False
2021-12,math.HO,23,17,0,0,False
2021-12,math.KT,12,12,0,0,False
2021-12,math.LO,50,48,0,0,False
2021-12,math.MG,36,36,0,0,False
2021-12,math.NA,248,240,0,0,False
2021-12,math.NT,177,174,0,0,False
2021-12,math.OA,39,38,0,0,False
2021-12,math.OC,242,238,0,0,False
2021-12,math.PR,204,202,0,0,False
2021-12,math.QA,35,34,0,0,False
2021-12,math.RA,60,59,0,0,False
2021-12,math.RT,70,70,0,0,False
2021-12,math.SG,20,20,0,0,False
2021-12,math.SP,20,20,0,0,False
2021-12,math.ST,88,87,0,0,False
2022-01,all,2659,2613,0,0,False
2022-01,math.AC,33,33,0,0,False
2022-01,math.AG,158,157,0,0,False
2022-01,math.AP,343,342,0,0,False
2022-01,math.AT,44,44,0,0,False
2022-01,math.CA,61,60,0,0,False
2022-01,math.CO,270,267,0,0,False
2022-01,math.CT,27,26,0,0,False
2022-01,math.CV,46,44,0,0,False
2022-01,math.DG,127,127,0,0,False
2022-01,math.DS,106,104,0,0,False
2022-01,math.FA,113,111,0,0,False
2022-01,math.GM,26,21,0,0,False
2022-01,math.GN,13,11,0,0,False
2022-01,math.GR,73,73,0,0,False
2022-01,math.GT,53,53,0,0,False
2022-01,math.HO,24,20,0,0,False
2022-01,math.KT,10,9,0,0,False
2022-01,math.LO,32,31,0,0,False
2022-01,math.MG,27,25,0,0,False
2022-01,math.NA,232,229,0,0,False
2022-01,math.NT,174,172,0,0,False
2022-01,math.OA,31,30,0,0,False
2022-01,math.OC,239,234,0,0,False
2022-01,math.PR,175,170,0,0,False
2022-01,math.QA,20,20,0,0,False
2022-01,math.RA,47,45,0,0,False
2022-01,math.RT,60,60,0,0,False
2022-01,math.SG,17,17,0,0,False
2022-01,math.SP,19,19,0,0,False
2022-01,math.ST,59,59,0,0,False
2022-02,all,2637,2599,0,0,False
2022-02,math.AC,41,41,0,0,False
2022-02,math.AG,153,153,0,0,False
2022-02,math.AP,298,297,0,0,False
2022-02,math.AT,38,38,0,0,False
2022-02,math.CA,64,64,0,0,False
2022-02,math.CO,277,273,0,0,False
2022-02,math.CT,25,25,0,0,False
2022-02,math.CV,44,44,0,0,False
2022-02,math.DG,123,122,0,0,False
2022-02,math.DS,124,123,0,0,False
2022-02,math.FA,94,93,0,0,False
2022-02,math.GM,14,12,0,0,False
2022-02,math.GN,12,11,0,0,False
2022-02,math.GR,78,78,0,0,False
2022-02,math.GT,65,64,0,0,False
2022-02,math.HO,11,7,0,0,False
2022-02,math.KT,10,10,0,0,False
2022-02,math.LO,47,47,0,0,False
2022-02,math.MG,33,33,0,0,False
2022-02,math.NA,229,228,0,0,False
2022-02,math.NT,173,170,0,0,False
2022-02,math.OA,30,30,0,0,False
2022-02,math.OC,246,235,0,0,False
2022-02,math.PR,168,166,0,0,False
2022-02,math.QA,23,23,0,0,False
2022-02,math.RA,42,40,0,0,False
2022-02,math.RT,57,57,0,0,False
2022-02,math.SG,22,20,0,0,False
2022-02,math.SP,23,23,0,0,False
2022-02,math.ST,73,72,0,0,False
2022-03,all,3083,3038,0,0,False
2022-03,math.AC,50,50,0,0,False
2022-03,math.AG,156,156,0,0,False
2022-03,math.AP,383,382,0,0,False
2022-03,math.AT,57,55,0,0,False
2022-03,math.CA,82,82,0,0,False
2022-03,math.CO,271,268,0,0,False
2022-03,math.CT,27,27,0,0,False
2022-03,math.CV,47,46,0,0,False
2022-03,math.DG,148,146,0,0,False
2022-03,math.DS,146,140,0,0,False
2022-03,math.FA,121,121,0,0,False
2022-03,math.GM,16,15,0,0,False
2022-03,math.GN,15,15,0,0,False
2022-03,math.GR,72,72,0,0,False
2022-03,math.GT,64,62,0,0,False
2022-03,math.HO,10,10,0,0,False
2022-03,math.KT,8,8,0,0,False
2022-03,math.LO,59,58,0,0,False
2022-03,math.MG,34,32,0,0,False
2022-03,math.NA,277,272,0,0,False
2022-03,math.NT,198,196,0,0,False
2022-03,math.OA,35,35,0,0,False
2022-03,math.OC,291,281,0,0,False
2022-03,math.PR,225,223,0,0,False
2022-03,math.QA,36,36,0,0,False
2022-03,math.RA,58,57,0,0,False
2022-03,math.RT,80,78,0,0,False
2022-03,math.SG,20,20,0,0,False
2022-03,math.SP,22,21,0,0,False
2022-03,math.ST,75,74,0,0,False
2022-04,all,2720,2678,0,0,False
2022-04,math.AC,30,30,0,0,False
2022-04,math.AG,147,146,0,0,False
2022-04,math.AP,339,339,0,0,False
2022-04,math.AT,36,35,0,0,False
2022-04,math.CA,75,74,0,0,False
2022-04,math.CO,249,244,0,0,False
2022-04,math.CT,31,31,0,0,False
2022-04,math.CV,43,41,0,0,False
2022-04,math.DG,140,138,0,0,False
2022-04,math.DS,111,107,0,0,False
2022-04,math.FA,129,129,0,0,False
2022-04,math.GM,24,22,0,0,False
2022-04,math.GN,21,21,0,0,False
2022-04,math.GR,83,82,0,0,False
2022-04,math.GT,59,59,0,0,False
2022-04,math.HO,17,13,0,0,False
2022-04,math.KT,14,14,0,0,False
2022-04,math.LO,55,53,0,0,False
2022-04,math.MG,25,25,0,0,False
2022-04,math.NA,200,198,0,0,False
2022-04,math.NT,177,176,0,0,False
2022-04,math.OA,30,30,0,0,False
2022-04,math.OC,283,271,0,0,False
2022-04,math.PR,163,163,0,0,False
2022-04,math.QA,24,24,0,0,False
2022-04,math.RA,58,58,0,0,False
2022-04,math.RT,61,61,0,0,False
2022-04,math.SG,13,12,0,0,False
2022-04,math.SP,19,18,0,0,False
2022-04,math.ST,64,64,0,0,False
2022-05,all,2764,2715,0,0,False
2022-05,math.AC,40,38,0,0,False
2022-05,math.AG,147,147,0,0,False
2022-05,math.AP,310,309,0,0,False
2022-05,math.AT,39,38,0,0,False
2022-05,math.CA,63,62,0,0,False
2022-05,math.CO,292,288,0,0,False
2022-05,math.CT,36,36,0,0,False
2022-05,math.CV,32,31,0,0,False
2022-05,math.DG,126,125,0,0,False
2022-05,math.DS,109,107,0,0,False
2022-05,math.FA,102,100,0,0,False
2022-05,math.GM,26,20,0,0,False
2022-05,math.GN,21,21,0,0,False
2022-05,math.GR,68,68,0,0,False
2022-05,math.GT,80,80,0,0,False
2022-05,math.HO,12,9,0,0,False
2022-05,math.KT,10,10,0,0,False
2022-05,math.LO,36,36,0,0,False
2022-05,math.MG,28,27,0,0,False
2022-05,math.NA,221,210,0,0,False
2022-05,math.NT,173,173,0,0,False
2022-05,math.OA,27,27,0,0,False
2022-05,math.OC,269,259,0,0,False
2022-05,math.PR,207,205,0,0,False
2022-05,math.QA,24,24,0,0,False
2022-05,math.RA,61,60,0,0,False
2022-05,math.RT,77,77,0,0,False
2022-05,math.SG,33,33,0,0,False
2022-05,math.SP,19,19,0,0,False
2022-05,math.ST,76,76,0,0,False
2022-06,all,2863,2818,0,0,False
2022-06,math.AC,34,34,0,0,False
2022-06,math.AG,154,152,0,0,False
2022-06,math.AP,318,313,0,0,False
2022-06,math.AT,43,43,0,0,False
2022-06,math.CA,59,59,0,0,False
2022-06,math.CO,296,295,0,0,False
2022-06,math.CT,21,21,0,0,False
2022-06,math.CV,51,50,0,0,False
2022-06,math.DG,144,142,0,0,False
2022-06,math.DS,131,129,0,0,False
2022-06,math.FA,112,112,0,0,False
2022-06,math.GM,28,26,0,0,False
2022-06,math.GN,16,16,0,0,False
2022-06,math.GR,89,89,0,0,False
2022-06,math.GT,72,71,0,0,False
2022-06,math.HO,16,12,0,0,False
2022-06,math.KT,12,12,0,0,False
2022-06,math.LO,53,52,0,0,False
2022-06,math.MG,34,34,0,0,False
2022-06,math.NA,202,198,0,0,False
2022-06,math.NT,197,193,0,0,False
2022-06,math.OA,19,19,0,0,False
2022-06,math.OC,277,265,0,0,False
2022-06,math.PR,204,202,0,0,False
2022-06,math.QA,22,21,0,0,False
2022-06,math.RA,58,58,0,0,False
2022-06,math.RT,75,75,0,0,False
2022-06,math.SG,18,18,0,0,False
2022-06,math.SP,20,20,0,0,False
2022-06,math.ST,88,87,0,0,False
2022-07,all,2958,2913,1,0,False
2022-07,math.AC,46,46,0,0,False
2022-07,math.AG,184,181,0,0,False
2022-07,math.AP,343,340,0,0,False
2022-07,math.AT,48,48,0,0,False
2022-07,math.CA,57,55,0,0,False
2022-07,math.CO,313,310,0,0,False
2022-07,math.CT,26,26,0,0,False
2022-07,math.CV,62,62,0,0,False
2022-07,math.DG,116,115,0,0,False
2022-07,math.DS,109,108,0,0,False
2022-07,math.FA,131,131,0,0,False
2022-07,math.GM,18,16,0,0,False
2022-07,math.GN,21,21,0,0,False
2022-07,math.GR,72,72,0,0,False
2022-07,math.GT,79,79,0,0,False
2022-07,math.HO,20,13,0,0,False
2022-07,math.KT,7,7,0,0,False
2022-07,math.LO,49,49,0,0,False
2022-07,math.MG,41,40,0,0,False
2022-07,math.NA,230,226,0,0,False
2022-07,math.NT,205,204,0,0,False
2022-07,math.OA,20,20,0,0,False
2022-07,math.OC,272,264,0,0,False
2022-07,math.PR,211,206,0,0,False
2022-07,math.QA,21,20,0,0,False
2022-07,math.RA,54,54,0,0,False
2022-07,math.RT,89,89,1,0,False
2022-07,math.SG,21,21,0,0,False
2022-07,math.SP,19,19,0,0,False
2022-07,math.ST,74,71,0,0,False
2022-08,all,2800,2756,1,1,False
2022-08,math.AC,50,50,0,0,False
2022-08,math.AG,191,189,0,0,False
2022-08,math.AP,289,286,0,0,False
2022-08,math.AT,46,46,0,0,False
2022-08,math.CA,62,62,0,0,False
2022-08,math.CO,259,258,0,0,False
2022-08,math.CT,28,28,0,0,False
2022-08,math.CV,57,57,0,0,False
2022-08,math.DG,150,147,0,0,False
2022-08,math.DS,128,125,1,0,False
2022-08,math.FA,110,109,0,1,False
2022-08,math.GM,23,21,0,0,False
2022-08,math.GN,16,16,0,0,False
2022-08,math.GR,81,81,0,0,False
2022-08,math.GT,68,68,0,0,False
2022-08,math.HO,21,19,0,0,False
2022-08,math.KT,6,6,0,0,False
2022-08,math.LO,54,53,0,0,False
2022-08,math.MG,25,25,0,0,False
2022-08,math.NA,214,204,0,0,False
2022-08,math.NT,193,189,0,0,False
2022-08,math.OA,23,23,0,0,False
2022-08,math.OC,246,239,0,0,False
2022-08,math.PR,194,190,0,0,False
2022-08,math.QA,23,23,0,0,False
2022-08,math.RA,61,61,0,0,False
2022-08,math.RT,74,74,0,0,False
2022-08,math.SG,16,16,0,0,False
2022-08,math.SP,16,16,0,0,False
2022-08,math.ST,76,75,0,0,False
2022-09,all,2989,2948,1,0,False
2022-09,math.AC,43,43,0,0,False
2022-09,math.AG,168,168,0,0,False
2022-09,math.AP,303,301,0,0,False
2022-09,math.AT,48,48,1,0,False
2022-09,math.CA,68,68,0,0,False
2022-09,math.CO,311,308,0,0,False
2022-09,math.CT,23,23,0,0,False
2022-09,math.CV,49,48,0,0,False
2022-09,math.DG,122,118,0,0,False
2022-09,math.DS,157,154,0,0,False
2022-09,math.FA,120,120,0,0,False
2022-09,math.GM,24,21,0,0,False
2022-09,math.GN,15,15,0,0,False
2022-09,math.GR,80,79,0,0,False
2022-09,math.GT,69,69,0,0,False
2022-09,math.HO,17,16,0,0,False
2022-09,math.KT,11,11,0,0,False
2022-09,math.LO,72,72,0,0,False
2022-09,math.MG,20,20,0,0,False
2022-09,math.NA,259,256,0,0,False
2022-09,math.NT,171,167,0,0,False
2022-09,math.OA,27,27,0,0,False
2022-09,math.OC,293,284,0,0,False
2022-09,math.PR,201,198,0,0,False
2022-09,math.QA,37,37,0,0,False
2022-09,math.RA,74,73,0,0,False
2022-09,math.RT,79,78,0,0,False
2022-09,math.SG,21,21,0,0,False
2022-09,math.SP,19,19,0,0,False
2022-09,math.ST,88,86,0,0,False
2022-10,all,3100,3044,0,0,False
2022-10,math.AC,46,44,0,0,False
2022-10,math.AG,184,182,0,0,False
2022-10,math.AP,378,376,0,0,False
2022-10,math.AT,61,61,0,0,False
2022-10,math.CA,94,93,0,0,False
2022-10,math.CO,307,299,0,0,False
2022-10,math.CT,23,23,0,0,False
2022-10,math.CV,63,62,0,0,False
2022-10,math.DG,143,142,0,0,False
2022-10,math.DS,136,133,0,0,False
2022-10,math.FA,113,110,0,0,False
2022-10,math.GM,17,14,0,0,False
2022-10,math.GN,17,16,0,0,False
2022-10,math.GR,77,76,0,0,False
2022-10,math.GT,80,79,0,0,False
2022-10,math.HO,17,15,0,0,False
2022-10,math.KT,5,5,0,0,False
2022-10,math.LO,54,54,0,0,False
2022-10,math.MG,33,33,0,0,False
2022-10,math.NA,269,262,0,0,False
2022-10,math.NT,186,184,0,0,False
2022-10,math.OA,26,25,0,0,False
2022-10,math.OC,299,291,0,0,False
2022-10,math.PR,189,184,0,0,False
2022-10,math.QA,27,27,0,0,False
2022-10,math.RA,58,58,0,0,False
2022-10,math.RT,72,72,0,0,False
2022-10,math.SG,24,23,0,0,False
2022-10,math.SP,7,7,0,0,False
2022-10,math.ST,95,94,0,0,False
2022-11,all,3143,3091,0,0,False
2022-11,math.AC,32,32,0,0,False
2022-11,math.AG,178,176,0,0,False
2022-11,math.AP,332,324,0,0,False
2022-11,math.AT,49,49,0,0,False
2022-11,math.CA,67,66,0,0,False
2022-11,math.CO,337,332,0,0,False
2022-11,math.CT,28,28,0,0,False
2022-11,math.CV,62,61,0,0,False
2022-11,math.DG,134,133,0,0,False
2022-11,math.DS,127,126,0,0,False
2022-11,math.FA,106,105,0,0,False
2022-11,math.GM,22,19,0,0,False
2022-11,math.GN,36,35,0,0,False
2022-11,math.GR,65,64,0,0,False
2022-11,math.GT,61,60,0,0,False
2022-11,math.HO,19,17,0,0,False
2022-11,math.KT,15,15,0,0,False
2022-11,math.LO,43,42,0,0,False
2022-11,math.MG,30,30,0,0,False
2022-11,math.NA,254,248,0,0,False
2022-11,math.NT,237,234,0,0,False
2022-11,math.OA,41,41,0,0,False
2022-11,math.OC,302,291,0,0,False
2022-11,math.PR,234,231,0,0,False
2022-11,math.QA,40,40,0,0,False
2022-11,math.RA,58,58,0,0,False
2022-11,math.RT,88,88,0,0,False
2022-11,math.SG,36,36,0,0,False
2022-11,math.SP,21,21,0,0,False
2022-11,math.ST,89,89,0,0,False
2022-12,all,2900,2846,0,1,False
2022-12,math.AC,52,49,0,0,False
2022-12,math.AG,169,169,0,0,False
2022-12,math.AP,316,312,0,0,False
2022-12,math.AT,43,42,0,0,False
2022-12,math.CA,62,60,0,0,False
2022-12,math.CO,330,326,0,0,False
2022-12,math.CT,20,20,0,0,False
2022-12,math.CV,45,44,0,0,False
2022-12,math.DG,141,140,0,0,False
2022-12,math.DS,112,111,0,0,False
2022-12,math.FA,119,118,0,0,False
2022-12,math.GM,18,14,0,0,False
2022-12,math.GN,12,12,0,0,False
2022-12,math.GR,86,82,0,0,False
2022-12,math.GT,78,77,0,0,False
2022-12,math.HO,24,19,0,0,False
2022-12,math.KT,5,5,0,0,False
2022-12,math.LO,61,59,0,0,False
2022-12,math.MG,37,37,0,0,False
2022-12,math.NA,254,248,0,1,False
2022-12,math.NT,165,163,0,0,False
2022-12,math.OA,29,29,0,0,False
2022-12,math.OC,260,253,0,0,False
2022-12,math.PR,201,198,0,0,False
2022-12,math.QA,27,27,0,0,False
2022-12,math.RA,58,57,0,0,False
2022-12,math.RT,61,60,0,0,False
2022-12,math.SG,30,30,0,0,False
2022-12,math.SP,17,17,0,0,False
2022-12,math.ST,68,68,0,0,False
2023-01,all,2644,2583,1,0,False
2023-01,math.AC,42,42,0,0,False
2023-01,math.AG,158,156,1,0,False
2023-01,math.AP,301,295,0,0,False
2023-01,math.AT,46,46,0,0,False
2023-01,math.CA,51,49,0,0,False
2023-01,math.CO,231,227,0,0,False
2023-01,math.CT,23,23,0,0,False
2023-01,math.CV,37,37,0,0,False
2023-01,math.DG,126,125,0,0,False
2023-01,math.DS,113,107,0,0,False
2023-01,math.FA,112,111,0,0,False
2023-01,math.GM,27,20,0,0,False
2023-01,math.GN,11,11,0,0,False
2023-01,math.GR,74,74,0,0,False
2023-01,math.GT,61,60,0,0,False
2023-01,math.HO,12,8,0,0,False
2023-01,math.KT,5,5,0,0,False
2023-01,math.LO,41,40,0,0,False
2023-01,math.MG,22,22,0,0,False
2023-01,math.NA,246,234,0,0,False
2023-01,math.NT,188,186,0,0,False
2023-01,math.OA,28,28,0,0,False
2023-01,math.OC,229,222,0,0,False
2023-01,math.PR,188,187,0,0,False
2023-01,math.QA,28,28,0,0,False
2023-01,math.RA,55,53,0,0,False
2023-01,math.RT,79,78,0,0,False
2023-01,math.SG,15,15,0,0,False
2023-01,math.SP,19,18,0,0,False
2023-01,math.ST,76,76,0,0,False
2023-02,all,2706,2651,3,0,False
2023-02,math.AC,41,41,0,0,False
2023-02,math.AG,176,172,0,0,False
2023-02,math.AP,288,287,0,0,False
2023-02,math.AT,48,47,0,0,False
2023-02,math.CA,66,66,0,0,False
2023-02,math.CO,261,258,0,0,False
2023-02,math.CT,27,27,0,0,False
2023-02,math.CV,46,45,0,0,False
2023-02,math.DG,116,111,0,0,False
2023-02,math.DS,129,127,1,0,False
2023-02,math.FA,90,89,0,0,False
2023-02,math.GM,20,16,0,0,False
2023-02,math.GN,14,14,0,0,False
2023-02,math.GR,67,67,0,0,False
2023-02,math.GT,48,47,0,0,False
2023-02,math.HO,18,13,0,0,False
2023-02,math.KT,4,3,0,0,False
2023-02,math.LO,59,57,0,0,False
2023-02,math.MG,27,26,0,0,False
2023-02,math.NA,233,225,0,0,False
2023-02,math.NT,182,181,0,0,False
2023-02,math.OA,35,35,0,0,False
2023-02,math.OC,302,293,1,0,False
2023-02,math.PR,171,169,0,0,False
2023-02,math.QA,30,29,0,0,False
2023-02,math.RA,46,44,0,0,False
2023-02,math.RT,62,62,0,0,False
2023-02,math.SG,19,19,0,0,False
2023-02,math.SP,10,10,0,0,False
2023-02,math.ST,71,71,1,0,False
2023-03,all,3379,3328,2,0,False
2023-03,math.AC,47,45,0,0,False
2023-03,math.AG,213,209,1,0,False
2023-03,math.AP,357,353,0,0,False
2023-03,math.AT,51,51,0,0,False
2023-03,math.CA,64,64,0,0,False
2023-03,math.CO,345,340,0,0,False
2023-03,math.CT,41,41,0,0,False
2023-03,math.CV,53,53,0,0,False
2023-03,math.DG,145,145,0,0,False
2023-03,math.DS,157,151,0,0,False
2023-03,math.FA,107,105,0,0,False
2023-03,math.GM,25,21,0,0,False
2023-03,math.GN,24,24,0,0,False
2023-03,math.GR,99,98,0,0,False
2023-03,math.GT,89,89,0,0,False
2023-03,math.HO,20,18,0,0,False
2023-03,math.KT,5,5,1,0,False
2023-03,math.LO,80,77,0,0,False
2023-03,math.MG,38,38,0,0,False
2023-03,math.NA,268,260,0,0,False
2023-03,math.NT,218,217,0,0,False
2023-03,math.OA,38,38,0,0,False
2023-03,math.OC,356,351,0,0,False
2023-03,math.PR,218,216,0,0,False
2023-03,math.QA,36,36,0,0,False
2023-03,math.RA,58,56,0,0,False
2023-03,math.RT,90,90,0,0,False
2023-03,math.SG,19,19,0,0,False
2023-03,math.SP,19,19,0,0,False
2023-03,math.ST,99,99,0,0,False
2023-04,all,2794,2751,0,0,False
2023-04,math.AC,45,45,0,0,False
2023-04,math.AG,154,154,0,0,False
2023-04,math.AP,335,331,0,0,False
2023-04,math.AT,39,39,0,0,False
2023-04,math.CA,57,56,0,0,False
2023-04,math.CO,248,242,0,0,False
2023-04,math.CT,29,28,0,0,False
2023-04,math.CV,40,39,0,0,False
2023-04,math.DG,126,125,0,0,False
2023-04,math.DS,118,117,0,0,False
2023-04,math.FA,86,85,0,0,False
2023-04,math.GM,28,26,0,0,False
2023-04,math.GN,13,11,0,0,False
2023-04,math.GR,92,91,0,0,False
2023-04,math.GT,71,71,0,0,False
2023-04,math.HO,10,8,0,0,False
2023-04,math.KT,11,11,0,0,False
2023-04,math.LO,57,56,0,0,False
2023-04,math.MG,33,33,0,0,False
2023-04,math.NA,253,247,0,0,False
2023-04,math.NT,166,164,0,0,False
2023-04,math.OA,33,32,0,0,False
2023-04,math.OC,275,268,0,0,False
2023-04,math.PR,198,197,0,0,False
2023-04,math.QA,31,31,0,0,False
2023-04,math.RA,63,62,0,0,False
2023-04,math.RT,72,72,0,0,False
2023-04,math.SG,25,25,0,0,False
2023-04,math.SP,23,23,0,0,False
2023-04,math.ST,63,62,0,0,False
2023-05,all,3189,3133,3,0,False
2023-05,math.AC,48,47,0,0,False
2023-05,math.AG,179,178,2,0,False
2023-05,math.AP,375,372,0,0,False
2023-05,math.AT,58,58,0,0,False
2023-05,math.CA,73,72,0,0,False
2023-05,math.CO,337,334,0,0,False
2023-05,math.CT,43,43,0,0,False
2023-05,math.CV,56,55,0,0,False
2023-05,math.DG,143,143,0,0,False
2023-05,math.DS,141,135,0,0,False
2023-05,math.FA,131,130,0,0,False
2023-05,math.GM,31,27,0,0,False
2023-05,math.GN,16,15,0,0,False
2023-05,math.GR,91,89,0,0,False
2023-05,math.GT,68,68,0,0,False
2023-05,math.HO,20,16,0,0,False
2023-05,math.KT,7,7,0,0,False
2023-05,math.LO,64,61,0,0,False
2023-05,math.MG,43,43,0,0,False
2023-05,math.NA,275,267,1,0,False
2023-05,math.NT,175,173,0,0,False
2023-05,math.OA,31,31,0,0,False
2023-05,math.OC,290,283,0,0,False
2023-05,math.PR,195,192,0,0,False
2023-05,math.QA,37,37,0,0,False
2023-05,math.RA,51,50,0,0,False
2023-05,math.RT,67,65,0,0,False
2023-05,math.SG,17,17,0,0,False
2023-05,math.SP,29,29,0,0,False
2023-05,math.ST,98,96,0,0,False
2023-06,all,3012,2961,2,0,False
2023-06,math.AC,48,48,0,0,False
2023-06,math.AG,191,190,1,0,False
2023-06,math.AP,341,338,0,0,False
2023-06,math.AT,53,53,0,0,False
2023-06,math.CA,67,67,0,0,False
2023-06,math.CO,313,308,0,0,False
2023-06,math.CT,29,29,0,0,False
2023-06,math.CV,51,51,0,0,False
2023-06,math.DG,160,159,0,0,False
2023-06,math.DS,128,126,0,0,False
2023-06,math.FA,112,111,0,0,False
2023-06,math.GM,28,20,0,0,False
2023-06,math.GN,9,9,0,0,False
2023-06,math.GR,67,66,0,0,False
2023-06,math.GT,82,80,0,0,False
2023-06,math.HO,18,15,0,0,False
2023-06,math.KT,13,13,0,0,False
2023-06,math.LO,49,49,0,0,False
2023-06,math.MG,31,30,0,0,False
2023-06,math.NA,285,275,0,0,False
2023-06,math.NT,186,186,0,0,False
2023-06,math.OA,33,32,0,0,False
2023-06,math.OC,257,248,0,0,False
2023-06,math.PR,186,186,0,0,False
2023-06,math.QA,38,38,0,0,False
2023-06,math.RA,58,56,0,0,False
2023-06,math.RT,63,63,1,0,False
2023-06,math.SG,14,14,0,0,False
2023-06,math.SP,21,21,0,0,False
2023-06,math.ST,81,80,0,0,False
2023-07,all,3004,2959,5,0,False
2023-07,math.AC,46,45,0,0,False
2023-07,math.AG,164,164,1,0,False
2023-07,math.AP,318,312,0,0,False
2023-07,math.AT,42,40,0,0,False
2023-07,math.CA,85,85,0,0,False
2023-07,math.CO,292,290,0,0,False
2023-07,math.CT,25,25,0,0,False
2023-07,math.CV,53,52,0,0,False
2023-07,math.DG,148,148,0,0,False
2023-07,math.DS,126,123,0,0,False
2023-07,math.FA,112,112,0,0,False
2023-07,math.GM,24,24,0,0,False
2023-07,math.GN,26,26,0,0,False
2023-07,math.GR,76,74,0,0,False
2023-07,math.GT,84,83,0,0,False
2023-07,math.HO,24,18,0,0,False
2023-07,math.KT,10,10,0,0,False
2023-07,math.LO,45,45,0,0,False
2023-07,math.MG,31,31,0,0,False
2023-07,math.NA,265,257,0,0,False
2023-07,math.NT,185,183,1,0,False
2023-07,math.OA,32,32,1,0,False
2023-07,math.OC,282,275,0,0,False
2023-07,math.PR,216,215,1,0,False
2023-07,math.QA,28,28,0,0,False
2023-07,math.RA,57,57,0,0,False
2023-07,math.RT,78,76,1,0,False
2023-07,math.SG,27,27,0,0,False
2023-07,math.SP,26,26,0,0,False
2023-07,math.ST,77,76,0,0,False
2023-08,all,3004,2956,1,1,False
2023-08,math.AC,62,62,0,0,False
2023-08,math.AG,166,165,0,0,False
2023-08,math.AP,345,341,0,1,False
2023-08,math.AT,50,50,0,0,False
2023-08,math.CA,66,65,1,0,False
2023-08,math.CO,318,315,0,0,False
2023-08,math.CT,33,33,0,0,False
2023-08,math.CV,62,60,0,0,False
2023-08,math.DG,128,125,0,0,False
2023-08,math.DS,119,118,0,0,False
2023-08,math.FA,87,87,0,0,False
2023-08,math.GM,26,24,0,0,False
2023-08,math.GN,30,30,0,0,False
2023-08,math.GR,84,84,0,0,False
2023-08,math.GT,87,86,0,0,False
2023-08,math.HO,30,27,0,0,False
2023-08,math.KT,6,6,0,0,False
2023-08,math.LO,56,54,0,0,False
2023-08,math.MG,30,30,0,0,False
2023-08,math.NA,256,246,0,0,False
2023-08,math.NT,208,204,0,0,False
2023-08,math.OA,26,26,0,0,False
2023-08,math.OC,257,250,0,0,False
2023-08,math.PR,196,195,0,0,False
2023-08,math.QA,32,32,0,0,False
2023-08,math.RA,55,53,0,0,False
2023-08,math.RT,70,70,0,0,False
2023-08,math.SG,32,32,0,0,False
2023-08,math.SP,27,27,0,0,False
2023-08,math.ST,60,59,0,0,False
2023-09,all,3056,3008,2,1,False
2023-09,math.AC,57,56,0,0,False
2023-09,math.AG,177,176,0,0,False
2023-09,math.AP,345,344,0,1,False
2023-09,math.AT,46,46,0,0,False
2023-09,math.CA,81,78,0,0,False
2023-09,math.CO,313,310,1,0,False
2023-09,math.CT,25,24,0,0,False
2023-09,math.CV,62,62,0,0,False
2023-09,math.DG,176,174,0,0,False
2023-09,math.DS,122,120,0,0,False
2023-09,math.FA,104,101,0,0,False
2023-09,math.GM,14,12,0,0,False
2023-09,math.GN,22,21,0,0,False
2023-09,math.GR,81,80,0,0,False
2023-09,math.GT,70,70,0,0,False
2023-09,math.HO,21,18,0,0,False
2023-09,math.KT,8,8,0,0,False
2023-09,math.LO,50,47,0,0,False
2023-09,math.MG,29,29,0,0,False
2023-09,math.NA,233,230,0,0,False
2023-09,math.NT,206,203,0,0,False
2023-09,math.OA,38,38,0,0,False
2023-09,math.OC,277,265,1,0,False
2023-09,math.PR,222,220,0,0,False
2023-09,math.QA,25,25,0,0,False
2023-09,math.RA,57,57,0,0,False
2023-09,math.RT,82,82,0,0,False
2023-09,math.SG,27,27,0,0,False
2023-09,math.SP,21,21,0,0,False
2023-09,math.ST,65,64,0,0,False
2023-10,all,3391,3327,6,3,False
2023-10,math.AC,42,40,0,0,False
2023-10,math.AG,194,194,0,0,False
2023-10,math.AP,414,411,1,2,False
2023-10,math.AT,61,61,0,0,False
2023-10,math.CA,52,51,0,0,False
2023-10,math.CO,331,329,0,0,False
2023-10,math.CT,27,27,1,0,False
2023-10,math.CV,55,54,0,0,False
2023-10,math.DG,163,163,0,0,False
2023-10,math.DS,135,132,0,0,False
2023-10,math.FA,100,96,0,0,False
2023-10,math.GM,41,36,1,0,False
2023-10,math.GN,12,12,0,0,False
2023-10,math.GR,89,87,1,0,False
2023-10,math.GT,93,93,1,0,False
2023-10,math.HO,26,24,0,0,False
2023-10,math.KT,11,11,0,0,False
2023-10,math.LO,73,70,0,0,False
2023-10,math.MG,40,39,0,0,False
2023-10,math.NA,324,316,0,1,False
2023-10,math.NT,222,219,0,0,False
2023-10,math.OA,37,37,0,0,False
2023-10,math.OC,311,300,1,0,False
2023-10,math.PR,238,236,0,0,False
2023-10,math.QA,19,19,0,0,False
2023-10,math.RA,52,48,0,0,False
2023-10,math.RT,88,85,0,0,False
2023-10,math.SG,13,13,0,0,False
2023-10,math.SP,18,18,0,0,False
2023-10,math.ST,110,106,0,0,False
2023-11,all,3139,3089,5,1,False
2023-11,math.AC,56,55,0,0,False
2023-11,math.AG,174,174,0,0,False
2023-11,math.AP,369,367,0,0,False
2023-11,math.AT,51,51,0,0,False
2023-11,math.CA,72,72,1,0,False
2023-11,math.CO,327,324,1,0,False
2023-11,math.CT,39,39,0,0,False
2023-11,math.CV,48,46,0,0,False
2023-11,math.DG,133,132,0,0,False
2023-11,math.DS,139,136,0,0,False
2023-11,math.FA,91,88,0,0,False
2023-11,math.GM,25,22,0,0,False
2023-11,math.GN,16,16,0,0,False
2023-11,math.GR,79,78,0,0,False
2023-11,math.GT,81,81,0,0,False
2023-11,math.HO,17,17,0,0,False
2023-11,math.KT,12,12,0,0,False
2023-11,math.LO,59,58,0,0,False
2023-11,math.MG,27,27,0,0,False
2023-11,math.NA,253,241,0,0,False
2023-11,math.NT,169,167,0,0,False
2023-11,math.OA,40,40,0,0,False
2023-11,math.OC,357,347,2,0,False
2023-11,math.PR,204,199,1,1,False
2023-11,math.QA,25,25,0,0,False
2023-11,math.RA,55,55,0,0,False
2023-11,math.RT,77,77,0,0,False
2023-11,math.SG,26,26,0,0,False
2023-11,math.SP,28,28,0,0,False
2023-11,math.ST,90,89,0,0,False
2023-12,all,3195,3130,4,1,False
2023-12,math.AC,47,45,0,0,False
2023-12,math.AG,203,202,0,0,False
2023-12,math.AP,323,318,0,1,False
2023-12,math.AT,57,54,0,0,False
2023-12,math.CA,74,74,0,0,False
2023-12,math.CO,329,324,0,0,False
2023-12,math.CT,26,26,0,0,False
2023-12,math.CV,57,56,0,0,False
2023-12,math.DG,136,135,0,0,False
2023-12,math.DS,151,149,1,0,False
2023-12,math.FA,117,111,0,0,False
2023-12,math.GM,27,23,0,0,False
2023-12,math.GN,22,22,0,0,False
2023-12,math.GR,80,78,0,0,False
2023-12,math.GT,72,71,0,0,False
2023-12,math.HO,18,14,0,0,False
2023-12,math.KT,3,3,0,0,False
2023-12,math.LO,67,65,0,0,False
2023-12,math.MG,27,27,0,0,False
2023-12,math.NA,269,262,1,0,False
2023-12,math.NT,198,196,0,0,False
2023-12,math.OA,47,47,0,0,False
2023-12,math.OC,307,294,2,0,False
2023-12,math.PR,226,223,0,0,False
2023-12,math.QA,42,42,0,0,False
2023-12,math.RA,56,56,0,0,False
2023-12,math.RT,83,83,0,0,False
2023-12,math.SG,27,27,0,0,False
2023-12,math.SP,27,27,0,0,False
2023-12,math.ST,77,76,0,0,False
2024-01,all,3196,3134,7,2,False
2024-01,math.AC,43,42,0,0,False
2024-01,math.AG,185,183,0,0,False
2024-01,math.AP,374,372,2,0,False
2024-01,math.AT,38,38,0,0,False
2024-01,math.CA,63,62,0,0,False
2024-01,math.CO,297,293,0,0,False
2024-01,math.CT,28,28,0,0,False
2024-01,math.CV,50,49,0,0,False
2024-01,math.DG,140,139,0,0,False
2024-01,math.DS,155,152,0,0,False
2024-01,math.FA,116,111,0,0,False
2024-01,math.GM,17,17,0,0,False
2024-01,math.GN,21,21,0,0,False
2024-01,math.GR,89,88,0,0,False
2024-01,math.GT,83,82,0,0,False
2024-01,math.HO,16,12,1,0,False
2024-01,math.KT,11,11,0,0,False
2024-01,math.LO,80,79,0,0,False
2024-01,math.MG,27,26,0,0,False
2024-01,math.NA,290,284,2,1,False
2024-01,math.NT,229,225,0,0,False
2024-01,math.OA,27,27,0,0,False
2024-01,math.OC,325,303,1,1,False
2024-01,math.PR,201,199,0,0,False
2024-01,math.QA,22,22,0,0,False
2024-01,math.RA,72,72,0,0,False
2024-01,math.RT,77,77,0,0,False
2024-01,math.SG,24,24,0,0,False
2024-01,math.SP,17,17,0,0,False
2024-01,math.ST,79,79,1,0,False
2024-02,all,3286,3220,5,3,False
2024-02,math.AC,37,37,0,0,False
2024-02,math.AG,166,164,0,0,False
2024-02,math.AP,373,371,0,0,False
2024-02,math.AT,52,51,0,0,False
2024-02,math.CA,90,88,0,1,False
2024-02,math.CO,319,317,0,0,False
2024-02,math.CT,25,24,0,0,False
2024-02,math.CV,49,49,0,0,False
2024-02,math.DG,138,136,0,0,False
2024-02,math.DS,133,127,0,1,False
2024-02,math.FA,146,145,0,1,False
2024-02,math.GM,24,21,1,0,False
2024-02,math.GN,13,13,0,0,False
2024-02,math.GR,93,91,0,0,False
2024-02,math.GT,78,77,0,0,False
2024-02,math.HO,23,21,0,0,False
2024-02,math.KT,12,12,0,0,False
2024-02,math.LO,66,66,0,0,False
2024-02,math.MG,30,30,0,0,False
2024-02,math.NA,292,281,1,0,False
2024-02,math.NT,203,200,0,0,False
2024-02,math.OA,37,37,0,0,False
2024-02,math.OC,319,299,1,0,False
2024-02,math.PR,207,207,0,0,False
2024-02,math.QA,30,29,0,0,False
2024-02,math.RA,72,72,0,0,False
2024-02,math.RT,97,95,1,0,False
2024-02,math.SG,22,22,0,0,False
2024-02,math.SP,22,22,0,0,False
2024-02,math.ST,118,116,1,0,False
2024-03,all,3432,3376,7,2,False
2024-03,math.AC,55,55,0,0,False
2024-03,math.AG,193,192,0,0,False
2024-03,math.AP,358,356,0,0,False
2024-03,math.AT,46,46,0,0,False
2024-03,math.CA,60,60,0,0,False
2024-03,math.CO,344,341,2,0,False
2024-03,math.CT,38,38,0,0,False
2024-03,math.CV,48,47,0,0,False
2024-03,math.DG,151,151,0,1,False
2024-03,math.DS,160,155,0,1,False
2024-03,math.FA,121,119,0,0,False
2024-03,math.GM,38,34,0,0,False
2024-03,math.GN,27,26,0,0,False
2024-03,math.GR,79,77,0,0,False
2024-03,math.GT,84,84,1,0,False
2024-03,math.HO,17,14,0,0,False
2024-03,math.KT,8,8,0,0,False
2024-03,math.LO,61,61,0,0,False
2024-03,math.MG,27,27,0,0,False
2024-03,math.NA,313,304,1,0,False
2024-03,math.NT,200,198,0,0,False
2024-03,math.OA,40,40,0,0,False
2024-03,math.OC,414,398,1,0,False
2024-03,math.PR,225,222,1,0,False
2024-03,math.QA,29,29,0,0,False
2024-03,math.RA,75,75,0,0,False
2024-03,math.RT,87,87,0,0,False
2024-03,math.SG,24,23,0,0,False
2024-03,math.SP,18,18,0,0,False
2024-03,math.ST,92,91,1,0,False
2024-04,all,3229,3187,7,2,False
2024-04,math.AC,69,69,0,0,False
2024-04,math.AG,183,183,0,0,False
2024-04,math.AP,384,381,0,0,False
2024-04,math.AT,46,46,0,0,False
2024-04,math.CA,71,71,0,0,False
2024-04,math.CO,318,315,1,0,False
2024-04,math.CT,44,44,1,0,False
2024-04,math.CV,57,57,0,0,False
2024-04,math.DG,156,154,0,0,False
2024-04,math.DS,135,133,1,0,False
2024-04,math.FA,113,113,0,1,False
2024-04,math.GM,29,27,1,0,False
2024-04,math.GN,16,16,0,0,False
2024-04,math.GR,77,77,0,0,False
2024-04,math.GT,68,67,0,0,False
2024-04,math.HO,27,23,0,0,False
2024-04,math.KT,5,5,0,0,False
2024-04,math.LO,62,62,0,0,False
2024-04,math.MG,28,28,0,0,False
2024-04,math.NA,295,286,1,1,False
2024-04,math.NT,183,182,0,0,False
2024-04,math.OA,29,29,0,0,False
2024-04,math.OC,319,310,1,0,False
2024-04,math.PR,189,188,0,0,False
2024-04,math.QA,34,34,0,0,False
2024-04,math.RA,64,63,0,0,False
2024-04,math.RT,81,80,0,0,False
2024-04,math.SG,31,30,0,0,False
2024-04,math.SP,17,17,0,0,False
2024-04,math.ST,99,97,1,0,False
2024-05,all,3422,3369,8,3,False
2024-05,math.AC,62,60,0,0,False
2024-05,math.AG,202,200,0,0,False
2024-05,math.AP,378,374,0,0,False
2024-05,math.AT,49,48,0,0,False
2024-05,math.CA,63,63,0,0,False
2024-05,math.CO,348,341,0,0,False
2024-05,math.CT,29,28,0,0,False
2024-05,math.CV,69,69,0,0,False
2024-05,math.DG,166,166,1,0,False
2024-05,math.DS,170,166,0,1,False
2024-05,math.FA,154,152,0,1,False
2024-05,math.GM,39,38,0,1,False
2024-05,math.GN,16,16,0,0,False
2024-05,math.GR,96,94,0,0,False
2024-05,math.GT,70,70,0,0,False
2024-05,math.HO,16,14,0,0,False
2024-05,math.KT,15,15,0,0,False
2024-05,math.LO,66,65,0,0,False
2024-05,math.MG,21,21,0,0,False
2024-05,math.NA,293,287,2,0,False
2024-05,math.NT,223,221,1,0,False
2024-05,math.OA,37,37,0,0,False
2024-05,math.OC,311,303,2,0,False
2024-05,math.PR,198,197,1,0,False
2024-05,math.QA,19,19,0,0,False
2024-05,math.RA,64,63,0,0,False
2024-05,math.RT,97,94,1,0,False
2024-05,math.SG,31,31,0,0,False
2024-05,math.SP,18,16,0,0,False
2024-05,math.ST,102,101,0,0,False
2024-06,all,3085,3042,4,6,False
2024-06,math.AC,54,54,0,0,False
2024-06,math.AG,169,167,0,0,False
2024-06,math.AP,369,366,0,0,False
2024-06,math.AT,45,43,0,0,False
2024-06,math.CA,60,60,0,0,False
2024-06,math.CO,336,330,2,0,False
2024-06,math.CT,31,31,0,0,False
2024-06,math.CV,51,50,0,0,False
2024-06,math.DG,150,148,0,0,False
2024-06,math.DS,118,114,0,0,False
2024-06,math.FA,116,116,0,2,False
2024-06,math.GM,21,19,0,0,False
2024-06,math.GN,20,20,0,0,False
2024-06,math.GR,67,67,0,0,False
2024-06,math.GT,69,69,0,0,False
2024-06,math.HO,12,10,0,0,False
2024-06,math.KT,9,9,0,0,False
2024-06,math.LO,69,69,0,0,False
2024-06,math.MG,34,33,0,0,False
2024-06,math.NA,236,230,0,1,False
2024-06,math.NT,211,209,1,0,False
2024-06,math.OA,36,36,0,0,False
2024-06,math.OC,310,302,1,2,False
2024-06,math.PR,186,186,0,0,False
2024-06,math.QA,28,27,0,0,False
2024-06,math.RA,58,58,0,1,False
2024-06,math.RT,94,94,0,0,False
2024-06,math.SG,24,24,0,0,False
2024-06,math.SP,15,15,0,0,False
2024-06,math.ST,87,86,0,0,False
2024-07,all,3367,3314,5,3,False
2024-07,math.AC,51,51,0,0,False
2024-07,math.AG,178,176,0,0,False
2024-07,math.AP,423,421,0,0,False
2024-07,math.AT,53,52,0,0,False
2024-07,math.CA,82,82,0,0,False
2024-07,math.CO,324,317,0,1,False
2024-07,math.CT,24,24,0,0,False
2024-07,math.CV,60,59,0,0,False
2024-07,math.DG,153,153,1,0,False
2024-07,math.DS,150,148,0,1,False
2024-07,math.FA,132,127,0,0,False
2024-07,math.GM,22,16,0,0,False
2024-07,math.GN,29,29,0,0,False
2024-07,math.GR,99,99,0,0,False
2024-07,math.GT,56,55,0,0,False
2024-07,math.HO,9,5,0,0,False
2024-07,math.KT,13,13,0,0,False
2024-07,math.LO,52,51,0,0,False
2024-07,math.MG,40,40,0,0,False
2024-07,math.NA,316,307,0,0,False
2024-07,math.NT,204,202,0,0,False
2024-07,math.OA,33,33,0,0,False
2024-07,math.OC,310,301,2,1,False
2024-07,math.PR,215,214,0,0,False
2024-07,math.QA,31,31,0,0,False
2024-07,math.RA,72,72,1,0,False
2024-07,math.RT,94,94,0,0,False
2024-07,math.SG,17,17,0,0,False
2024-07,math.SP,26,26,0,0,False
2024-07,math.ST,99,99,1,0,False
2024-08,all,2857,2804,8,6,False
2024-08,math.AC,31,30,1,0,False
2024-08,math.AG,171,168,0,0,False
2024-08,math.AP,345,341,0,0,False
2024-08,math.AT,51,51,0,0,False
2024-08,math.CA,50,50,0,0,False
2024-08,math.CO,352,347,1,1,False
2024-08,math.CT,28,28,0,0,False
2024-08,math.CV,42,41,0,0,False
2024-08,math.DG,125,125,0,0,False
2024-08,math.DS,116,115,1,1,False
2024-08,math.FA,118,115,1,1,False
2024-08,math.GM,21,18,0,0,False
2024-08,math.GN,12,12,0,0,False
2024-08,math.GR,75,74,0,0,False
2024-08,math.GT,62,62,0,0,False
2024-08,math.HO,15,13,0,0,False
2024-08,math.KT,6,6,0,0,False
2024-08,math.LO,54,53,0,0,False
2024-08,math.MG,29,29,0,0,False
2024-08,math.NA,242,235,0,1,False
2024-08,math.NT,199,197,1,1,False
2024-08,math.OA,28,28,0,0,False
2024-08,math.OC,255,241,3,0,False
2024-08,math.PR,175,175,0,1,False
2024-08,math.QA,31,31,0,0,False
2024-08,math.RA,49,47,0,0,False
2024-08,math.RT,69,68,0,0,False
2024-08,math.SG,22,22,0,0,False
2024-08,math.SP,17,17,0,0,False
2024-08,math.ST,67,65,0,0,False
2024-09,all,3287,3252,11,4,False
2024-09,math.AC,56,56,0,0,False
2024-09,math.AG,200,199,0,0,False
2024-09,math.AP,400,398,1,1,False
2024-09,math.AT,41,41,0,0,False
2024-09,math.CA,66,66,0,0,False
2024-09,math.CO,365,360,0,0,False
2024-09,math.CT,24,24,0,0,False
2024-09,math.CV,55,55,0,0,False
2024-09,math.DG,134,132,0,0,False
2024-09,math.DS,131,129,0,0,False
2024-09,math.FA,117,116,0,0,False
2024-09,math.GM,20,20,0,0,False
2024-09,math.GN,12,12,0,0,False
2024-09,math.GR,94,92,1,0,False
2024-09,math.GT,76,76,1,0,False
2024-09,math.HO,11,11,0,0,False
2024-09,math.KT,13,13,0,0,False
2024-09,math.LO,69,67,0,0,False
2024-09,math.MG,26,26,1,0,False
2024-09,math.NA,279,276,2,1,False
2024-09,math.NT,203,202,0,0,False
2024-09,math.OA,36,36,0,0,False
2024-09,math.OC,311,301,3,0,False
2024-09,math.PR,240,238,1,2,False
2024-09,math.QA,32,32,0,0,False
2024-09,math.RA,57,56,0,0,False
2024-09,math.RT,86,86,0,0,False
2024-09,math.SG,24,24,0,0,False
2024-09,math.SP,20,20,0,0,False
2024-09,math.ST,89,88,1,0,False
2024-10,all,3546,3498,21,3,False
2024-10,math.AC,37,37,0,0,False
2024-10,math.AG,214,211,0,0,False
2024-10,math.AP,381,381,0,0,False
2024-10,math.AT,57,56,2,0,False
2024-10,math.CA,81,81,0,0,False
2024-10,math.CO,357,351,2,1,False
2024-10,math.CT,33,32,0,0,False
2024-10,math.CV,57,57,0,0,False
2024-10,math.DG,164,162,0,1,False
2024-10,math.DS,171,165,1,0,False
2024-10,math.FA,137,136,1,1,False
2024-10,math.GM,19,19,1,0,False
2024-10,math.GN,9,9,0,0,False
2024-10,math.GR,102,102,0,0,False
2024-10,math.GT,84,84,0,0,False
2024-10,math.HO,19,16,0,0,False
2024-10,math.KT,15,14,0,0,False
2024-10,math.LO,57,57,0,0,False
2024-10,math.MG,38,38,0,0,False
2024-10,math.NA,285,276,11,0,False
2024-10,math.NT,243,241,0,0,False
2024-10,math.OA,34,34,0,0,False
2024-10,math.OC,347,341,2,0,False
2024-10,math.PR,249,248,0,0,False
2024-10,math.QA,40,40,0,0,False
2024-10,math.RA,42,41,0,0,False
2024-10,math.RT,105,103,0,0,False
2024-10,math.SG,42,41,0,0,False
2024-10,math.SP,23,22,0,0,False
2024-10,math.ST,104,103,1,0,False
2024-11,all,3308,3256,9,3,False
2024-11,math.AC,48,48,0,0,False
2024-11,math.AG,184,182,0,0,False
2024-11,math.AP,410,401,1,0,False
2024-11,math.AT,65,65,0,0,False
2024-11,math.CA,77,77,0,0,False
2024-11,math.CO,374,366,0,0,False
2024-11,math.CT,28,28,0,0,False
2024-11,math.CV,48,48,0,0,False
2024-11,math.DG,136,135,0,0,False
2024-11,math.DS,142,140,0,0,False
2024-11,math.FA,111,110,0,0,False
2024-11,math.GM,32,31,0,1,False
2024-11,math.GN,12,12,0,0,False
2024-11,math.GR,76,76,0,0,False
2024-11,math.GT,69,68,0,1,False
2024-11,math.HO,14,12,0,0,False
2024-11,math.KT,9,9,0,0,False
2024-11,math.LO,68,67,1,0,False
2024-11,math.MG,35,35,0,0,False
2024-11,math.NA,275,267,3,0,False
2024-11,math.NT,226,222,0,0,False
2024-11,math.OA,27,27,0,0,False
2024-11,math.OC,296,288,3,0,False
2024-11,math.PR,231,229,0,0,False
2024-11,math.QA,37,37,0,0,False
2024-11,math.RA,58,57,1,0,False
2024-11,math.RT,86,86,0,0,False
2024-11,math.SG,25,25,0,0,False
2024-11,math.SP,31,31,0,1,False
2024-11,math.ST,78,77,0,0,False
2024-12,all,3552,3500,13,4,False
2024-12,math.AC,45,44,0,0,False
2024-12,math.AG,227,226,0,0,False
2024-12,math.AP,396,390,2,0,False
2024-12,math.AT,59,58,0,0,False
2024-12,math.CA,91,91,0,0,False
2024-12,math.CO,369,368,2,1,False
2024-12,math.CT,21,21,0,0,False
2024-12,math.CV,53,53,0,0,False
2024-12,math.DG,157,154,0,0,False
2024-12,math.DS,139,135,1,1,False
2024-12,math.FA,108,108,0,0,False
2024-12,math.GM,25,25,0,0,False
2024-12,math.GN,31,31,0,0,False
2024-12,math.GR,91,89,0,0,False
2024-12,math.GT,85,85,3,0,False
2024-12,math.HO,21,18,0,0,False
2024-12,math.KT,8,8,0,0,False
2024-12,math.LO,67,66,0,0,False
2024-12,math.MG,39,39,0,0,False
2024-12,math.NA,271,266,1,0,False
2024-12,math.NT,219,219,1,0,False
2024-12,math.OA,46,45,0,0,False
2024-12,math.OC,360,344,1,0,False
2024-12,math.PR,272,268,0,1,False
2024-12,math.QA,40,40,0,0,False
2024-12,math.RA,69,68,0,1,False
2024-12,math.RT,94,94,1,0,False
2024-12,math.SG,36,35,0,0,False
2024-12,math.SP,35,34,0,0,False
2024-12,math.ST,78,78,1,0,False
2025-01,all,3182,3127,11,7,False
2025-01,math.AC,47,47,0,0,False
2025-01,math.AG,180,180,0,0,False
2025-01,math.AP,372,370,0,2,False
2025-01,math.AT,43,42,0,0,False
2025-01,math.CA,72,72,0,0,False
2025-01,math.CO,310,305,1,1,False
2025-01,math.CT,31,31,0,0,False
2025-01,math.CV,45,45,0,0,False
2025-01,math.DG,142,141,0,0,False
2025-01,math.DS,141,139,1,0,False
2025-01,math.FA,116,116,0,0,False
2025-01,math.GM,19,17,0,0,False
2025-01,math.GN,20,19,0,0,False
2025-01,math.GR,72,70,0,1,False
2025-01,math.GT,79,79,0,1,False
2025-01,math.HO,22,17,1,0,False
2025-01,math.KT,9,9,0,0,False
2025-01,math.LO,68,68,0,0,False
2025-01,math.MG,41,41,0,0,False
2025-01,math.NA,287,278,6,0,False
2025-01,math.NT,177,177,0,0,False
2025-01,math.OA,29,26,0,0,False
2025-01,math.OC,334,318,0,1,False
2025-01,math.PR,233,230,1,0,False
2025-01,math.QA,30,30,0,0,False
2025-01,math.RA,59,57,0,0,False
2025-01,math.RT,78,78,0,0,False
2025-01,math.SG,22,22,0,0,False
2025-01,math.SP,23,23,0,0,False
2025-01,math.ST,81,80,1,1,False
2025-02,all,3106,3048,14,7,False
2025-02,math.AC,56,56,0,0,False
2025-02,math.AG,171,171,1,0,False
2025-02,math.AP,364,362,0,0,False
2025-02,math.AT,35,35,1,0,False
2025-02,math.CA,79,76,0,1,False
2025-02,math.CO,301,296,0,0,False
2025-02,math.CT,33,33,0,0,False
2025-02,math.CV,49,48,0,0,False
2025-02,math.DG,146,145,1,1,False
2025-02,math.DS,105,102,0,1,False
2025-02,math.FA,112,110,0,1,False
2025-02,math.GM,29,26,0,0,False
2025-02,math.GN,18,18,0,0,False
2025-02,math.GR,73,73,0,0,False
2025-02,math.GT,67,67,1,0,False
2025-02,math.HO,21,15,0,0,False
2025-02,math.KT,8,8,0,0,False
2025-02,math.LO,48,47,1,0,False
2025-02,math.MG,33,32,0,0,False
2025-02,math.NA,286,274,6,1,False
2025-02,math.NT,207,206,0,1,False
2025-02,math.OA,30,29,0,0,False
2025-02,math.OC,300,291,3,1,False
2025-02,math.PR,222,218,0,0,False
2025-02,math.QA,19,19,0,0,False
2025-02,math.RA,51,50,0,0,False
2025-02,math.RT,83,82,0,0,False
2025-02,math.SG,15,15,0,0,False
2025-02,math.SP,29,29,0,0,False
2025-02,math.ST,116,115,0,0,False
2025-03,all,3607,3536,9,5,False
2025-03,math.AC,56,55,0,0,False
2025-03,math.AG,179,177,0,0,False
2025-03,math.AP,395,391,1,0,False
2025-03,math.AT,55,55,0,0,False
2025-03,math.CA,69,67,0,0,False
2025-03,math.CO,366,362,0,1,False
2025-03,math.CT,40,40,0,0,False
2025-03,math.CV,62,60,0,0,False
2025-03,math.DG,157,154,0,0,False
2025-03,math.DS,150,147,1,0,False
2025-03,math.FA,128,125,0,0,False
2025-03,math.GM,34,28,1,0,False
2025-03,math.GN,22,22,0,0,False
2025-03,math.GR,81,81,0,0,False
2025-03,math.GT,69,69,1,0,False
2025-03,math.HO,22,17,0,0,False
2025-03,math.KT,12,12,0,0,False
2025-03,math.LO,77,76,1,0,False
2025-03,math.MG,34,34,0,0,False
2025-03,math.NA,297,288,2,1,False
2025-03,math.NT,230,226,0,0,False
2025-03,math.OA,35,35,0,0,False
2025-03,math.OC,428,411,2,0,False
2025-03,math.PR,271,271,0,2,False
2025-03,math.QA,36,36,0,0,False
2025-03,math.RA,72,72,0,1,False
2025-03,math.RT,89,88,0,0,False
2025-03,math.SG,27,27,0,0,False
2025-03,math.SP,24,24,0,0,False
2025-03,math.ST,90,86,0,0,False
2025-04,all,3467,3394,27,7,False
2025-04,math.AC,51,51,0,0,False
2025-04,math.AG,181,179,0,1,False
2025-04,math.AP,402,399,1,0,False
2025-04,math.AT,39,39,0,0,False
2025-04,math.CA,56,55,0,0,False
2025-04,math.CO,333,330,4,1,False
2025-04,math.CT,26,26,0,0,False
2025-04,math.CV,64,62,0,0,False
2025-04,math.DG,158,156,0,0,False
2025-04,math.DS,176,175,0,0,False
2025-04,math.FA,133,132,1,0,False
2025-04,math.GM,32,30,2,0,False
2025-04,math.GN,14,13,1,0,False
2025-04,math.GR,98,95,0,0,False
2025-04,math.GT,94,92,0,3,False
2025-04,math.HO,17,7,1,0,False
2025-04,math.KT,10,10,0,0,False
2025-04,math.LO,47,47,1,0,False
2025-04,math.MG,30,29,1,0,False
2025-04,math.NA,302,296,5,0,False
2025-04,math.NT,239,236,1,0,False
2025-04,math.OA,37,37,0,0,False
2025-04,math.OC,363,339,6,2,False
2025-04,math.PR,216,214,1,0,False
2025-04,math.QA,31,31,0,0,False
2025-04,math.RA,70,70,0,0,False
2025-04,math.RT,103,101,1,0,False
2025-04,math.SG,23,23,0,0,False
2025-04,math.SP,31,31,0,0,False
2025-04,math.ST,91,89,1,0,False
2025-05,all,3443,3384,27,6,False
2025-05,math.AC,47,47,0,0,False
2025-05,math.AG,193,192,2,0,False
2025-05,math.AP,415,407,4,2,False
2025-05,math.AT,57,54,0,0,False
2025-05,math.CA,66,65,0,0,False
2025-05,math.CO,335,332,1,1,False
2025-05,math.CT,33,33,0,0,False
2025-05,math.CV,57,57,0,0,False
2025-05,math.DG,167,164,1,0,False
2025-05,math.DS,145,144,2,0,False
2025-05,math.FA,133,129,1,0,False
2025-05,math.GM,35,34,0,0,False
2025-05,math.GN,16,16,0,0,False
2025-05,math.GR,83,81,0,0,False
2025-05,math.GT,76,72,1,0,False
2025-05,math.HO,14,9,0,0,False
2025-05,math.KT,8,8,0,0,False
2025-05,math.LO,61,60,0,0,False
2025-05,math.MG,39,39,0,0,False
2025-05,math.NA,279,270,4,1,False
2025-05,math.NT,228,228,0,0,False
2025-05,math.OA,35,35,0,0,False
2025-05,math.OC,374,367,9,1,False
2025-05,math.PR,217,212,1,1,False
2025-05,math.QA,39,39,0,0,False
2025-05,math.RA,58,58,1,0,False
2025-05,math.RT,85,85,0,0,False
2025-05,math.SG,23,23,0,0,False
2025-05,math.SP,33,33,0,0,False
2025-05,math.ST,92,91,0,0,False
2025-06,all,3289,3249,23,7,False
2025-06,math.AC,62,62,0,0,False
2025-06,math.AG,202,201,0,0,False
2025-06,math.AP,360,358,3,0,False
2025-06,math.AT,50,49,0,0,False
2025-06,math.CA,63,60,1,1,False
2025-06,math.CO,341,338,1,0,False
2025-06,math.CT,32,32,0,0,False
2025-06,math.CV,65,65,0,0,False
2025-06,math.DG,143,143,0,0,False
2025-06,math.DS,114,113,0,0,False
2025-06,math.FA,108,107,1,1,False
2025-06,math.GM,40,37,2,0,False
2025-06,math.GN,14,14,0,0,False
2025-06,math.GR,91,90,0,0,False
2025-06,math.GT,70,67,0,0,False
2025-06,math.HO,13,12,3,0,False
2025-06,math.KT,16,16,0,0,False
2025-06,math.LO,49,48,0,0,False
2025-06,math.MG,36,35,1,0,False
2025-06,math.NA,324,320,5,0,False
2025-06,math.NT,206,204,1,0,False
2025-06,math.OA,32,32,0,0,False
2025-06,math.OC,321,314,2,3,False
2025-06,math.PR,218,217,0,2,False
2025-06,math.QA,28,27,0,0,False
2025-06,math.RA,62,62,1,0,False
2025-06,math.RT,86,84,1,0,False
2025-06,math.SG,20,19,0,0,False
2025-06,math.SP,25,25,0,0,False
2025-06,math.ST,98,98,1,0,False
2025-07,all,3643,3585,30,6,False
2025-07,math.AC,60,60,0,0,False
2025-07,math.AG,207,201,1,0,False
2025-07,math.AP,457,453,2,1,False
2025-07,math.AT,49,47,1,0,False
2025-07,math.CA,72,72,0,1,False
2025-07,math.CO,403,396,2,1,False
2025-07,math.CT,24,24,0,0,False
2025-07,math.CV,57,57,1,0,False
2025-07,math.DG,183,176,1,0,False
2025-07,math.DS,153,150,1,1,False
2025-07,math.FA,140,139,1,0,False
2025-07,math.GM,24,19,0,0,False
2025-07,math.GN,20,19,0,0,False
2025-07,math.GR,90,90,1,0,False
2025-07,math.GT,76,76,1,0,False
2025-07,math.HO,19,18,0,0,False
2025-07,math.KT,13,13,0,0,False
2025-07,math.LO,82,81,1,0,False
2025-07,math.MG,26,26,1,0,False
2025-07,math.NA,303,298,4,1,False
2025-07,math.NT,230,230,3,0,False
2025-07,math.OA,41,41,0,0,False
2025-07,math.OC,328,320,5,0,False
2025-07,math.PR,240,238,2,1,False
2025-07,math.QA,29,29,0,0,False
2025-07,math.RA,76,75,1,0,False
2025-07,math.RT,108,107,1,0,False
2025-07,math.SG,29,28,0,0,False
2025-07,math.SP,16,15,0,0,False
2025-07,math.ST,88,87,0,0,False
2025-08,all,3366,3297,36,7,False
2025-08,math.AC,44,44,0,0,False
2025-08,math.AG,184,181,0,0,False
2025-08,math.AP,347,345,1,0,False
2025-08,math.AT,51,50,0,0,False
2025-08,math.CA,76,74,0,0,False
2025-08,math.CO,386,385,4,0,False
2025-08,math.CT,33,32,0,0,False
2025-08,math.CV,48,48,1,0,False
2025-08,math.DG,149,145,2,0,False
2025-08,math.DS,139,137,4,1,False
2025-08,math.FA,146,143,0,1,False
2025-08,math.GM,30,27,0,0,False
2025-08,math.GN,19,19,0,0,False
2025-08,math.GR,81,81,0,0,False
2025-08,math.GT,87,85,0,2,False
2025-08,math.HO,26,14,1,0,False
2025-08,math.KT,11,11,0,0,False
2025-08,math.LO,74,71,0,0,False
2025-08,math.MG,32,32,0,0,False
2025-08,math.NA,283,278,8,0,False
2025-08,math.NT,275,274,5,0,False
2025-08,math.OA,35,35,0,0,False
2025-08,math.OC,290,275,7,3,False
2025-08,math.PR,198,195,0,0,False
2025-08,math.QA,34,34,0,0,False
2025-08,math.RA,70,68,0,0,False
2025-08,math.RT,96,94,0,0,False
2025-08,math.SG,16,15,0,0,False
2025-08,math.SP,24,24,1,0,False
2025-08,math.ST,82,81,2,0,False
2025-09,all,3849,3783,58,5,False
2025-09,math.AC,57,55,0,0,False
2025-09,math.AG,241,238,1,1,False
2025-09,math.AP,429,425,4,1,False
2025-09,math.AT,59,59,0,0,False
2025-09,math.CA,80,80,2,1,False
2025-09,math.CO,435,430,5,0,False
2025-09,math.CT,38,37,0,0,False
2025-09,math.CV,67,67,0,0,False
2025-09,math.DG,177,177,2,0,False
2025-09,math.DS,140,140,4,0,False
2025-09,math.FA,146,145,2,0,False
2025-09,math.GM,38,35,5,0,False
2025-09,math.GN,12,12,0,0,False
2025-09,math.GR,101,101,1,0,False
2025-09,math.GT,91,90,1,0,False
2025-09,math.HO,22,21,0,0,False
2025-09,math.KT,15,15,0,0,False
2025-09,math.LO,49,48,1,0,False
2025-09,math.MG,26,26,0,0,False
2025-09,math.NA,318,306,8,0,False
2025-09,math.NT,257,251,3,0,False
2025-09,math.OA,39,39,0,0,False
2025-09,math.OC,385,365,10,1,False
2025-09,math.PR,273,271,3,1,False
2025-09,math.QA,47,47,2,0,False
2025-09,math.RA,66,63,0,0,False
2025-09,math.RT,106,106,1,0,False
2025-09,math.SG,31,30,0,0,False
2025-09,math.SP,28,28,2,0,False
2025-09,math.ST,76,76,1,0,False
2025-10,all,4055,4008,36,2,False
2025-10,math.AC,57,57,0,0,False
2025-10,math.AG,236,235,1,0,False
2025-10,math.AP,419,413,0,0,False
2025-10,math.AT,56,56,0,0,False
2025-10,math.CA,73,72,0,0,False
2025-10,math.CO,406,402,6,0,False
2025-10,math.CT,42,42,0,0,False
2025-10,math.CV,65,65,0,0,False
2025-10,math.DG,184,182,0,0,False
2025-10,math.DS,193,192,2,0,False
2025-10,math.FA,130,129,4,0,False
2025-10,math.GM,35,34,0,0,False
2025-10,math.GN,30,30,0,0,False
2025-10,math.GR,98,98,0,0,False
2025-10,math.GT,99,99,1,0,False
2025-10,math.HO,19,15,1,0,False
2025-10,math.KT,6,6,0,0,False
2025-10,math.LO,72,71,0,0,False
2025-10,math.MG,46,46,1,0,False
2025-10,math.NA,366,361,5,0,False
2025-10,math.NT,278,276,1,1,False
2025-10,math.OA,43,42,1,0,False
2025-10,math.OC,418,407,3,0,False
2025-10,math.PR,278,277,2,1,False
2025-10,math.QA,42,41,0,0,False
2025-10,math.RA,69,69,1,0,False
2025-10,math.RT,120,118,2,0,False
2025-10,math.SG,33,32,0,0,False
2025-10,math.SP,23,23,0,0,False
2025-10,math.ST,119,118,5,0,False
2025-11,all,3739,3678,44,10,False
2025-11,math.AC,47,47,0,0,False
2025-11,math.AG,218,218,1,0,False
2025-11,math.AP,430,424,1,1,False
2025-11,math.AT,50,50,0,0,False
2025-11,math.CA,62,61,1,0,False
2025-11,math.CO,410,405,8,1,False
2025-11,math.CT,34,34,2,0,False
2025-11,math.CV,75,75,0,0,False
2025-11,math.DG,182,181,1,0,False
2025-11,math.DS,167,165,4,0,False
2025-11,math.FA,134,127,2,0,False
2025-11,math.GM,31,25,0,0,False
2025-11,math.GN,24,23,0,0,False
2025-11,math.GR,98,97,0,0,False
2025-11,math.GT,77,77,1,3,False
2025-11,math.HO,22,20,1,0,False
2025-11,math.KT,5,5,0,0,False
2025-11,math.LO,77,73,2,0,False
2025-11,math.MG,37,36,2,0,False
2025-11,math.NA,296,288,6,0,False
2025-11,math.NT,231,229,4,2,False
2025-11,math.OA,36,36,0,0,False
2025-11,math.OC,383,372,3,3,False
2025-11,math.PR,243,243,1,0,False
2025-11,math.QA,40,40,0,0,False
2025-11,math.RA,75,73,0,0,False
2025-11,math.RT,81,81,0,0,False
2025-11,math.SG,28,28,0,0,False
2025-11,math.SP,22,22,0,0,False
2025-11,math.ST,124,123,4,0,False
2025-12,all,3808,3766,66,4,False
2025-12,math.AC,54,54,0,0,False
2025-12,math.AG,257,257,2,0,False
2025-12,math.AP,458,454,2,0,False
2025-12,math.AT,53,53,0,0,False
2025-12,math.CA,63,63,1,0,False
2025-12,math.CO,388,387,2,0,False
2025-12,math.CT,29,28,1,0,False
2025-12,math.CV,65,65,1,0,False
2025-12,math.DG,181,178,3,0,False
2025-12,math.DS,150,149,2,0,False
2025-12,math.FA,135,131,2,0,False
2025-12,math.GM,36,33,3,0,False
2025-12,math.GN,13,13,0,0,False
2025-12,math.GR,89,88,2,0,False
2025-12,math.GT,96,96,2,0,False
2025-12,math.HO,25,23,0,0,False
2025-12,math.KT,11,10,0,0,False
2025-12,math.LO,77,77,1,0,False
2025-12,math.MG,36,36,3,0,False
2025-12,math.NA,293,291,8,0,False
2025-12,math.NT,255,255,7,0,False
2025-12,math.OA,41,41,0,0,False
2025-12,math.OC,328,321,10,0,False
2025-12,math.PR,285,280,7,0,False
2025-12,math.QA,39,39,0,0,False
2025-12,math.RA,99,96,3,4,False
2025-12,math.RT,104,103,1,0,False
2025-12,math.SG,26,26,0,0,False
2025-12,math.SP,25,25,0,0,False
2025-12,math.ST,97,94,3,0,False
2026-01,all,3663,3618,61,7,False
2026-01,math.AC,44,44,0,0,False
2026-01,math.AG,203,202,2,0,False
2026-01,math.AP,402,397,3,1,False
2026-01,math.AT,54,54,1,0,False
2026-01,math.CA,66,66,1,0,False
2026-01,math.CO,377,371,8,0,False
2026-01,math.CT,22,22,1,0,False
2026-01,math.CV,54,53,1,0,False
2026-01,math.DG,189,187,2,0,False
2026-01,math.DS,170,163,1,0,False
2026-01,math.FA,116,114,3,0,False
2026-01,math.GM,43,42,1,0,False
2026-01,math.GN,22,22,0,0,False
2026-01,math.GR,93,92,0,0,False
2026-01,math.GT,68,68,2,0,False
2026-01,math.HO,32,27,1,0,False
2026-01,math.KT,6,5,0,0,False
2026-01,math.LO,64,64,2,0,False
2026-01,math.MG,32,31,0,0,False
2026-01,math.NA,324,321,6,1,False
2026-01,math.NT,253,252,3,1,False
2026-01,math.OA,52,51,1,0,False
2026-01,math.OC,333,330,11,1,False
2026-01,math.PR,243,243,5,3,False
2026-01,math.QA,46,46,0,0,False
2026-01,math.RA,89,88,1,0,False
2026-01,math.RT,102,101,2,0,False
2026-01,math.SG,19,19,0,0,False
2026-01,math.SP,37,36,0,0,False
2026-01,math.ST,108,107,3,0,False
2026-02,all,3555,3516,82,5,False
2026-02,math.AC,42,42,0,0,False
2026-02,math.AG,214,212,3,1,False
2026-02,math.AP,428,427,2,0,False
2026-02,math.AT,55,54,0,0,False
2026-02,math.CA,51,51,1,0,False
2026-02,math.CO,362,361,14,0,False
2026-02,math.CT,41,40,0,0,False
2026-02,math.CV,51,50,2,0,False
2026-02,math.DG,158,153,2,1,False
2026-02,math.DS,148,147,4,0,False
2026-02,math.FA,122,121,3,0,False
2026-02,math.GM,53,52,4,0,False
2026-02,math.GN,22,22,0,0,False
2026-02,math.GR,82,82,0,0,False
2026-02,math.GT,75,74,0,1,False
2026-02,math.HO,16,12,2,0,False
2026-02,math.KT,9,9,0,0,False
2026-02,math.LO,84,83,2,0,False
2026-02,math.MG,37,37,0,0,False
2026-02,math.NA,271,269,4,0,False
2026-02,math.NT,243,241,10,0,False
2026-02,math.OA,43,43,1,0,False
2026-02,math.OC,356,348,11,1,False
2026-02,math.PR,241,240,6,0,False
2026-02,math.QA,26,25,0,0,False
2026-02,math.RA,78,78,1,0,False
2026-02,math.RT,76,75,1,0,False
2026-02,math.SG,21,20,2,0,False
2026-02,math.SP,22,22,0,0,False
2026-02,math.ST,128,126,7,1,False
2026-03,all,4335,4290,148,5,False
2026-03,math.AC,71,69,1,0,False
2026-03,math.AG,232,229,4,1,False
2026-03,math.AP,566,565,6,2,False
2026-03,math.AT,65,64,4,0,False
2026-03,math.CA,78,78,4,0,False
2026-03,math.CO,465,463,31,1,False
2026-03,math.CT,32,32,2,0,False
2026-03,math.CV,74,74,1,0,False
2026-03,math.DG,173,172,0,0,False
2026-03,math.DS,217,210,7,1,False
2026-03,math.FA,152,150,2,0,False
2026-03,math.GM,53,50,14,0,False
2026-03,math.GN,17,17,1,0,False
2026-03,math.GR,96,94,4,0,False
2026-03,math.GT,90,90,3,0,False
2026-03,math.HO,25,21,0,0,False
2026-03,math.KT,13,12,0,0,False
2026-03,math.LO,99,99,7,0,False
2026-03,math.MG,39,39,2,0,False
2026-03,math.NA,368,363,16,0,False
2026-03,math.NT,288,287,10,0,False
2026-03,math.OA,29,29,4,0,False
2026-03,math.OC,451,444,15,0,False
2026-03,math.PR,270,269,2,0,False
2026-03,math.QA,35,35,1,0,False
2026-03,math.RA,59,59,0,0,False
2026-03,math.RT,100,99,0,0,False
2026-03,math.SG,18,18,0,0,False
2026-03,math.SP,30,30,0,0,False
2026-03,math.ST,130,129,7,0,False
2026-04,all,4108,4058,151,6,False
2026-04,math.AC,51,51,1,0,False
2026-04,math.AG,260,257,4,0,False
2026-04,math.AP,454,451,5,2,False
2026-04,math.AT,54,52,1,0,False
2026-04,math.CA,74,72,3,0,False
2026-04,math.CO,441,435,27,0,False
2026-04,math.CT,37,35,1,0,False
2026-04,math.CV,64,64,0,0,False
2026-04,math.DG,188,184,3,0,False
2026-04,math.DS,192,185,5,0,False
2026-04,math.FA,138,138,5,1,False
2026-04,math.GM,54,51,3,0,False
2026-04,math.GN,25,23,0,0,False
2026-04,math.GR,94,94,1,1,False
2026-04,math.GT,96,96,6,1,False
2026-04,math.HO,19,18,1,0,False
2026-04,math.KT,9,9,0,0,False
2026-04,math.LO,69,68,6,0,False
2026-04,math.MG,35,35,3,0,False
2026-04,math.NA,338,337,13,0,False
2026-04,math.NT,238,236,12,0,False
2026-04,math.OA,53,52,0,0,False
2026-04,math.OC,497,489,33,0,False
2026-04,math.PR,284,283,4,1,False
2026-04,math.QA,25,25,0,0,False
2026-04,math.RA,64,63,3,0,False
2026-04,math.RT,100,100,4,0,False
2026-04,math.SG,20,20,1,0,False
2026-04,math.SP,31,31,1,0,False
2026-04,math.ST,104,104,5,0,False
2026-05,all,4518,4474,273,8,False
2026-05,math.AC,65,65,1,0,False
2026-05,math.AG,275,274,14,0,False
2026-05,math.AP,474,470,14,0,False
2026-05,math.AT,56,56,3,0,False
2026-05,math.CA,83,83,7,0,False
2026-05,math.CO,601,596,73,2,False
2026-05,math.CT,32,32,1,0,False
2026-05,math.CV,84,84,1,0,False
2026-05,math.DG,220,218,6,0,False
2026-05,math.DS,192,191,8,1,False
2026-05,math.FA,156,153,8,0,False
2026-05,math.GM,39,36,3,0,False
2026-05,math.GN,16,16,0,0,False
2026-05,math.GR,104,104,14,0,False
2026-05,math.GT,106,106,9,0,False
2026-05,math.HO,26,21,3,0,False
2026-05,math.KT,8,8,0,0,False
2026-05,math.LO,89,88,4,1,False
2026-05,math.MG,45,44,7,0,False
2026-05,math.NA,354,352,23,0,False
2026-05,math.NT,279,275,19,0,False
2026-05,math.OA,44,43,2,0,False
2026-05,math.OC,469,464,25,4,False
2026-05,math.PR,293,292,15,0,False
2026-05,math.QA,36,36,1,0,False
2026-05,math.RA,85,82,1,0,False
2026-05,math.RT,84,84,3,0,False
2026-05,math.SG,27,27,0,0,False
2026-05,math.SP,28,28,1,0,False
2026-05,math.ST,148,146,7,0,False
2026-06,all,4804,4769,375,15,False
2026-06,math.AC,58,58,1,0,False
2026-06,math.AG,232,232,17,1,False
2026-06,math.AP,534,531,24,1,False
2026-06,math.AT,71,71,2,1,False
2026-06,math.CA,106,106,13,0,False
2026-06,math.CO,604,600,97,1,False
2026-06,math.CT,40,39,5,1,False
2026-06,math.CV,77,77,6,0,False
2026-06,math.DG,266,263,13,1,False
2026-06,math.DS,184,183,7,1,False
2026-06,math.FA,205,204,10,2,False
2026-06,math.GM,46,44,2,0,False
2026-06,math.GN,22,22,0,0,False
2026-06,math.GR,122,122,4,0,False
2026-06,math.GT,84,84,4,1,False
2026-06,math.HO,21,20,2,0,False
2026-06,math.KT,4,4,0,0,False
2026-06,math.LO,90,88,3,0,False
2026-06,math.MG,64,64,12,0,False
2026-06,math.NA,426,418,26,0,False
2026-06,math.NT,301,300,42,0,False
2026-06,math.OA,47,47,6,2,False
2026-06,math.OC,419,413,30,0,False
2026-06,math.PR,314,314,27,0,False
2026-06,math.QA,46,46,0,0,False
2026-06,math.RA,84,84,4,2,False
2026-06,math.RT,119,117,6,1,False
2026-06,math.SG,35,35,1,0,False
2026-06,math.SP,43,43,2,0,False
2026-06,math.ST,140,140,9,0,False
2026-07,all,5264,5199,732,27,False
2026-07,math.AC,71,70,12,0,False
2026-07,math.AG,267,264,34,1,False
2026-07,math.AP,592,586,42,4,False
2026-07,math.AT,70,70,7,0,False
2026-07,math.CA,117,117,18,1,False
2026-07,math.CO,746,741,198,8,False
2026-07,math.CT,50,49,4,1,False
2026-07,math.CV,92,91,9,0,False
2026-07,math.DG,219,219,18,1,False
2026-07,math.DS,230,225,17,0,False
2026-07,math.FA,174,172,26,1,False
2026-07,math.GM,61,59,14,0,False
2026-07,math.GN,30,30,1,0,False
2026-07,math.GR,136,135,22,1,False
2026-07,math.GT,127,126,9,2,False
2026-07,math.HO,20,17,2,0,False
2026-07,math.KT,7,7,0,0,False
2026-07,math.LO,84,84,15,0,False
2026-07,math.MG,67,65,18,0,False
2026-07,math.NA,447,442,59,0,False
2026-07,math.NT,351,348,51,3,False
2026-07,math.OA,51,51,11,1,False
2026-07,math.OC,448,431,41,0,False
2026-07,math.PR,323,320,48,0,False
2026-07,math.QA,44,44,2,0,False
2026-07,math.RA,77,77,8,3,False
2026-07,math.RT,132,131,19,0,False
2026-07,math.SG,39,39,2,0,False
2026-07,math.SP,35,35,4,0,False
2026-07,math.ST,157,154,21,0,False
2026-08,all,5882,5754,1369,39,False
2026-08,math.AC,76,76,31,0,False
2026-08,math.AG,339,330,88,4,False
2026-08,math.AP,657,648,100,4,False
2026-08,math.AT,75,74,10,1,False
2026-08,math.CA,156,151,44,1,False
2026-08,math.CO,774,761,312,7,False
2026-08,math.CT,41,41,7,0,False
2026-08,math.CV,105,104,23,1,False
2026-08,math.DG,319,313,75,0,False
2026-08,math.DS,230,225,23,4,False
2026-08,math.FA,248,241,57,0,False
2026-08,math.GM,40,36,6,2,False
2026-08,math.GN,35,34,9,0,False
2026-08,math.GR,163,158,41,2,False
2026-08,math.GT,129,126,29,0,False
2026-08,math.HO,28,25,0,0,False
2026-08,math.KT,16,15,5,1,False
2026-08,math.LO,104,102,29,2,False
2026-08,math.MG,83,80,33,0,False
2026-08,math.NA,424,418,49,2,False
2026-08,math.NT,411,404,96,2,False
2026-08,math.OA,69,66,27,3,False
2026-08,math.OC,431,416,64,0,False
2026-08,math.PR,360,350,98,2,False
2026-08,math.QA,52,51,13,0,False
2026-08,math.RA,133,130,17,1,False
2026-08,math.RT,144,139,32,0,False
2026-08,math.SG,40,40,6,0,False
2026-08,math.SP,52,52,16,0,False
2026-08,math.ST,148,148,29,0,False
